player_id,player_name,date,avg_sentiment,n_comments,negative_share
310,A.Becker,2024-08-17,0.02942,15,0.4666666666666667
310,A.Becker,2024-08-18,0.0,1,0.0
310,A.Becker,2024-08-19,0.3574,3,0.0
310,A.Becker,2024-08-25,0.3584727272727273,11,0.18181818181818182
310,A.Becker,2024-08-26,0.19692,5,0.4
310,A.Becker,2024-08-27,0.40293999999999996,5,0.2
310,A.Becker,2024-09-01,0.19744166666666665,12,0.08333333333333333
310,A.Becker,2024-09-02,0.370925,4,0.0
310,A.Becker,2024-09-03,0.754,1,0.0
310,A.Becker,2024-09-14,-0.009321428571428573,14,0.35714285714285715
310,A.Becker,2024-09-15,0.2083,3,0.0
310,A.Becker,2024-09-16,0.6249,1,0.0
310,A.Becker,2024-09-28,-0.24376000000000003,10,0.7
310,A.Becker,2024-09-29,-0.2362,2,0.5
310,A.Becker,2024-09-30,0.15008,5,0.2
310,A.Becker,2024-10-05,0.33367391304347827,23,0.13043478260869565
310,A.Becker,2024-10-06,0.4299,7,0.14285714285714285
310,A.Becker,2024-10-07,0.33440000000000003,3,0.3333333333333333
310,A.Becker,2024-10-20,0.0,1,0.0
310,A.Becker,2024-11-03,0.0,1,0.0
310,A.Becker,2024-11-24,0.0,1,0.0
310,A.Becker,2024-11-25,-0.296,1,1.0
310,A.Becker,2024-12-14,-0.11114444444444446,9,0.4444444444444444
310,A.Becker,2024-12-15,0.1876,4,0.25
310,A.Becker,2024-12-16,0.156225,4,0.25
310,A.Becker,2024-12-22,0.105125,8,0.25
310,A.Becker,2024-12-23,-0.3679571428571428,7,0.7142857142857143
310,A.Becker,2024-12-24,-0.148,2,0.5
310,A.Becker,2024-12-26,-0.05835,10,0.5
310,A.Becker,2024-12-27,-0.31845,2,0.5
310,A.Becker,2024-12-28,-0.10697500000000001,4,0.5
310,A.Becker,2024-12-29,0.4182444444444444,9,0.1111111111111111
310,A.Becker,2024-12-30,0.8718,1,0.0
310,A.Becker,2025-01-05,-0.09597777777777777,9,0.4444444444444444
310,A.Becker,2025-01-06,0.22683999999999999,5,0.2
310,A.Becker,2025-01-07,0.16756666666666667,3,0.3333333333333333
310,A.Becker,2025-01-14,-0.5814,3,1.0
310,A.Becker,2025-01-15,-0.1772,4,0.75
310,A.Becker,2025-01-16,0.3612333333333333,3,0.0
310,A.Becker,2025-01-18,0.312625,8,0.125
310,A.Becker,2025-01-19,0.3057285714285714,7,0.2857142857142857
310,A.Becker,2025-01-20,0.4543,3,0.0
310,A.Becker,2025-01-25,-0.15782500000000002,4,0.5
310,A.Becker,2025-01-26,-0.4713,2,1.0
310,A.Becker,2025-01-27,-0.1267,3,0.3333333333333333
310,A.Becker,2025-02-01,-0.04476153846153847,26,0.38461538461538464
310,A.Becker,2025-02-02,0.224425,8,0.125
310,A.Becker,2025-02-03,0.22332000000000002,5,0.4
310,A.Becker,2025-02-16,0.26630714285714285,14,0.21428571428571427
310,A.Becker,2025-02-17,-0.0018000000000000017,5,0.4
310,A.Becker,2025-02-18,-0.3142,3,0.6666666666666666
310,A.Becker,2025-02-23,0.25423,10,0.3
310,A.Becker,2025-02-24,0.36563999999999997,5,0.2
310,A.Becker,2025-02-25,0.4887333333333333,3,0.0
310,A.Becker,2025-02-26,0.14572,5,0.2
310,A.Becker,2025-02-27,0.16328333333333334,6,0.3333333333333333
310,A.Becker,2025-02-28,0.13773333333333335,3,0.3333333333333333
310,A.Becker,2025-03-08,0.29672,5,0.2
310,A.Becker,2025-03-09,-0.0655,3,0.3333333333333333
310,A.Becker,2025-03-10,0.0,1,0.0
310,A.Becker,2025-04-13,-0.31315714285714286,7,0.5714285714285714
310,A.Becker,2025-04-14,-0.56155,2,1.0
310,A.Becker,2025-04-20,0.34921428571428575,7,0.2857142857142857
310,A.Becker,2025-04-21,0.24159999999999998,2,0.5
310,A.Becker,2025-04-22,-0.09866666666666667,3,0.3333333333333333
310,A.Becker,2025-04-27,-0.21778,5,0.4
310,A.Becker,2025-04-28,-0.20712000000000003,5,0.6
310,A.Becker,2025-04-29,0.6431666666666667,3,0.0
310,A.Becker,2025-05-04,-0.034225,8,0.25
310,A.Becker,2025-05-05,0.017766666666666663,6,0.3333333333333333
310,A.Becker,2025-05-06,0.4215,1,0.0
310,A.Becker,2025-05-11,-0.21375,8,0.5
310,A.Becker,2025-05-12,0.21674,5,0.0
310,A.Becker,2025-05-13,-0.022799999999999987,2,0.5
310,A.Becker,2025-05-19,0.2344,10,0.3
310,A.Becker,2025-05-20,0.30965000000000004,6,0.16666666666666666
310,A.Becker,2025-05-25,0.06376,5,0.2
310,A.Becker,2025-05-26,-0.48324999999999996,2,1.0
310,A.Becker,2025-05-27,0.8588,1,0.0
311,Alexander-Arnold,2024-08-17,0.4325666666666666,6,0.16666666666666666
311,Alexander-Arnold,2024-08-18,0.5935,3,0.0
311,Alexander-Arnold,2024-08-19,0.4359,2,0.0
311,Alexander-Arnold,2024-08-25,0.304,9,0.2222222222222222
311,Alexander-Arnold,2024-08-26,0.0,1,0.0
311,Alexander-Arnold,2024-08-27,0.49434999999999996,2,0.0
311,Alexander-Arnold,2024-09-01,0.24528333333333333,12,0.3333333333333333
311,Alexander-Arnold,2024-09-02,0.36634,5,0.0
311,Alexander-Arnold,2024-09-03,0.33265,4,0.0
311,Alexander-Arnold,2024-09-14,-0.10473636363636363,11,0.36363636363636365
311,Alexander-Arnold,2024-09-15,-0.27155,2,1.0
311,Alexander-Arnold,2024-09-16,0.2294,2,0.0
311,Alexander-Arnold,2024-09-21,0.45996,15,0.2
311,Alexander-Arnold,2024-09-22,0.12225555555555556,9,0.4444444444444444
311,Alexander-Arnold,2024-09-23,0.50354,5,0.2
311,Alexander-Arnold,2024-09-29,0.08378333333333332,6,0.16666666666666666
311,Alexander-Arnold,2024-09-30,-0.20413333333333336,3,0.3333333333333333
311,Alexander-Arnold,2024-10-05,0.39172857142857137,7,0.0
311,Alexander-Arnold,2024-10-06,0.50778,5,0.0
311,Alexander-Arnold,2024-10-07,0.4359,2,0.0
311,Alexander-Arnold,2024-10-20,0.032516666666666666,6,0.3333333333333333
311,Alexander-Arnold,2024-10-21,0.0,2,0.0
311,Alexander-Arnold,2024-10-22,-0.4404,1,1.0
311,Alexander-Arnold,2024-10-27,0.13853333333333334,6,0.16666666666666666
311,Alexander-Arnold,2024-10-28,-0.20413333333333336,3,0.3333333333333333
311,Alexander-Arnold,2024-11-02,-0.21133333333333335,9,0.5555555555555556
311,Alexander-Arnold,2024-11-03,0.4588,1,0.0
311,Alexander-Arnold,2024-11-04,-0.226075,4,0.5
311,Alexander-Arnold,2024-11-09,0.029000000000000026,4,0.25
311,Alexander-Arnold,2024-11-10,0.320075,4,0.0
311,Alexander-Arnold,2024-11-11,-0.17615,2,0.5
311,Alexander-Arnold,2024-12-01,0.23893571428571428,14,0.14285714285714285
311,Alexander-Arnold,2024-12-02,0.3717428571428571,7,0.2857142857142857
311,Alexander-Arnold,2024-12-03,0.4588,1,0.0
311,Alexander-Arnold,2024-12-04,0.3316928571428571,14,0.07142857142857142
311,Alexander-Arnold,2024-12-05,-0.05135,2,0.5
311,Alexander-Arnold,2024-12-06,0.40423749999999997,8,0.25
311,Alexander-Arnold,2024-12-14,-0.1468,3,0.3333333333333333
311,Alexander-Arnold,2024-12-15,0.18964999999999999,4,0.0
311,Alexander-Arnold,2024-12-16,0.31245,2,0.0
311,Alexander-Arnold,2024-12-22,0.0003285714285714162,7,0.2857142857142857
311,Alexander-Arnold,2024-12-23,0.33525,2,0.0
311,Alexander-Arnold,2024-12-24,0.03410000000000002,2,0.5
311,Alexander-Arnold,2024-12-26,0.31847777777777775,9,0.1111111111111111
311,Alexander-Arnold,2024-12-27,-0.11795,4,0.5
311,Alexander-Arnold,2024-12-28,-0.088075,4,0.25
311,Alexander-Arnold,2024-12-29,0.3416444444444444,18,0.1111111111111111
311,Alexander-Arnold,2024-12-30,0.654125,4,0.0
311,Alexander-Arnold,2024-12-31,0.4939,2,0.0
311,Alexander-Arnold,2025-01-05,-0.283425,8,0.375
311,Alexander-Arnold,2025-01-06,-0.44582,5,0.6
311,Alexander-Arnold,2025-01-07,-0.3116,6,0.6666666666666666
311,Alexander-Arnold,2025-01-14,-0.03873333333333333,9,0.3333333333333333
311,Alexander-Arnold,2025-01-15,-0.7906,1,1.0
311,Alexander-Arnold,2025-01-16,0.11883333333333333,6,0.16666666666666666
311,Alexander-Arnold,2025-01-18,0.21468260869565214,23,0.34782608695652173
311,Alexander-Arnold,2025-01-19,0.11238,5,0.4
311,Alexander-Arnold,2025-01-20,0.2148,6,0.3333333333333333
311,Alexander-Arnold,2025-01-25,0.14485,4,0.5
311,Alexander-Arnold,2025-01-26,0.16481428571428572,7,0.2857142857142857
311,Alexander-Arnold,2025-01-27,0.5859,1,0.0
311,Alexander-Arnold,2025-02-01,0.032465217391304334,23,0.34782608695652173
311,Alexander-Arnold,2025-02-02,-0.09595454545454545,11,0.45454545454545453
311,Alexander-Arnold,2025-02-03,0.4984,3,0.0
311,Alexander-Arnold,2025-02-16,0.3065,23,0.13043478260869565
311,Alexander-Arnold,2025-02-17,0.4000333333333333,9,0.0
311,Alexander-Arnold,2025-02-18,0.10977499999999998,8,0.375
311,Alexander-Arnold,2025-02-23,0.36400000000000005,3,0.0
311,Alexander-Arnold,2025-02-24,0.45106,5,0.0
311,Alexander-Arnold,2025-02-25,0.3422,3,0.3333333333333333
311,Alexander-Arnold,2025-02-26,0.45049999999999996,6,0.0
311,Alexander-Arnold,2025-02-27,0.38758333333333334,6,0.16666666666666666
311,Alexander-Arnold,2025-02-28,0.36948333333333333,6,0.16666666666666666
311,Alexander-Arnold,2025-03-08,-0.05280000000000001,12,0.5
311,Alexander-Arnold,2025-03-09,0.21075,2,0.0
311,Alexander-Arnold,2025-03-10,0.366975,4,0.0
311,Alexander-Arnold,2025-04-20,0.21876,5,0.4
311,Alexander-Arnold,2025-04-21,0.33045,4,0.25
311,Alexander-Arnold,2025-04-22,0.2202,2,0.0
311,Alexander-Arnold,2025-04-27,-0.021350000000000015,10,0.4
311,Alexander-Arnold,2025-04-28,0.17825000000000002,4,0.25
311,Alexander-Arnold,2025-04-29,0.15293333333333334,3,0.0
311,Alexander-Arnold,2025-05-04,-0.20564285714285716,7,0.42857142857142855
311,Alexander-Arnold,2025-05-05,0.12453333333333333,3,0.3333333333333333
311,Alexander-Arnold,2025-05-06,-0.05135,2,0.5
311,Alexander-Arnold,2025-05-11,0.24172857142857143,7,0.14285714285714285
311,Alexander-Arnold,2025-05-12,-0.314575,4,0.5
311,Alexander-Arnold,2025-05-13,0.5232,2,0.0
311,Alexander-Arnold,2025-05-25,0.19112222222222222,9,0.0
311,Alexander-Arnold,2025-05-26,-0.1101,4,0.25
311,Alexander-Arnold,2025-05-27,0.16885,2,0.5
312,Bajcetic,2024-09-14,0.0,1,0.0
312,Bajcetic,2024-09-21,-0.4404,1,1.0
312,Bajcetic,2024-09-28,0.0,1,0.0
312,Bajcetic,2024-10-20,0.0,1,0.0
312,Bajcetic,2024-10-21,0.0,1,0.0
312,Bajcetic,2024-11-02,0.4588,1,0.0
312,Bajcetic,2024-11-03,-0.1027,1,1.0
312,Bajcetic,2025-02-23,0.3182,1,0.0
312,Bajcetic,2025-02-27,0.4215,1,0.0
312,Bajcetic,2025-05-11,0.4215,1,0.0
312,Bajcetic,2025-05-12,0.6249,1,0.0
313,Bradley,2024-08-17,0.06868181818181819,11,0.18181818181818182
313,Bradley,2024-08-18,0.07985,4,0.25
313,Bradley,2024-08-19,0.0,3,0.3333333333333333
313,Bradley,2024-08-25,0.056400000000000006,7,0.14285714285714285
313,Bradley,2024-08-26,-0.8016,1,1.0
313,Bradley,2024-08-27,-0.8271,1,1.0
313,Bradley,2024-09-01,-0.16782,5,0.4
313,Bradley,2024-09-02,-0.38915,4,0.75
313,Bradley,2024-09-14,-0.3092625,8,0.625
313,Bradley,2024-09-15,-0.20413333333333336,3,0.3333333333333333
313,Bradley,2024-09-16,0.0,1,0.0
313,Bradley,2024-09-28,0.1591,2,0.0
313,Bradley,2024-10-27,0.3182,1,0.0
313,Bradley,2024-11-02,0.2164923076923077,13,0.0
313,Bradley,2024-11-03,-0.03423333333333333,3,0.3333333333333333
313,Bradley,2024-11-09,0.38045,14,0.14285714285714285
313,Bradley,2024-11-10,0.162825,4,0.25
313,Bradley,2024-11-11,0.444925,4,0.25
313,Bradley,2024-11-24,-0.24145,14,0.5
313,Bradley,2024-11-25,-0.23982857142857142,7,0.5714285714285714
313,Bradley,2024-11-26,0.020449999999999996,4,0.5
313,Bradley,2024-12-24,0.4588,1,0.0
313,Bradley,2024-12-29,0.0,1,0.0
313,Bradley,2024-12-30,0.0,1,0.0
313,Bradley,2025-01-05,0.34418571428571426,7,0.0
313,Bradley,2025-01-06,0.4404,1,0.0
313,Bradley,2025-01-07,0.377,2,0.0
313,Bradley,2025-01-15,0.4215,1,0.0
313,Bradley,2025-01-25,0.0,2,0.0
313,Bradley,2025-02-01,-0.015487499999999998,16,0.3125
313,Bradley,2025-02-02,-0.41995,2,0.5
313,Bradley,2025-02-03,0.05245999999999999,5,0.2
313,Bradley,2025-02-16,0.14973333333333333,18,0.2777777777777778
313,Bradley,2025-02-17,-0.04198333333333332,6,0.5
313,Bradley,2025-02-18,-0.13654,5,0.4
313,Bradley,2025-04-06,0.0,2,0.0
313,Bradley,2025-04-07,0.52332,5,0.0
313,Bradley,2025-04-08,-0.8016,1,1.0
313,Bradley,2025-04-13,0.39494999999999997,8,0.125
313,Bradley,2025-04-14,0.21075,2,0.0
313,Bradley,2025-04-15,0.5859,1,0.0
313,Bradley,2025-04-20,0.04309999999999999,5,0.4
313,Bradley,2025-04-21,0.7483500000000001,2,0.0
313,Bradley,2025-04-22,0.3182,1,0.0
313,Bradley,2025-05-04,-0.00873750000000001,8,0.25
313,Bradley,2025-05-05,-0.6187400000000001,5,0.8
313,Bradley,2025-05-06,-0.03423333333333333,3,0.3333333333333333
313,Bradley,2025-05-11,-0.01691250000000001,8,0.375
313,Bradley,2025-05-12,0.055559999999999984,5,0.4
313,Bradley,2025-05-13,-0.11059999999999999,3,0.3333333333333333
313,Bradley,2025-05-19,0.02783333333333334,3,0.3333333333333333
313,Bradley,2025-05-20,0.3032,4,0.0
313,Bradley,2025-05-21,-0.2555,6,0.5
313,Bradley,2025-05-25,0.146075,4,0.25
313,Bradley,2025-05-26,0.3182,1,0.0
313,Bradley,2025-05-27,-0.24886666666666668,6,0.5
315,Clark,2024-08-25,0.4588,1,0.0
315,Clark,2024-08-26,0.0,1,0.0
315,Clark,2024-09-28,-0.19935,2,1.0
315,Clark,2024-12-22,0.0,1,0.0
315,Clark,2024-12-30,0.0,1,0.0
315,Clark,2025-01-15,0.4215,1,0.0
315,Clark,2025-01-18,0.0,1,0.0
315,Clark,2025-01-19,0.0,1,0.0
315,Clark,2025-01-25,0.0,1,0.0
315,Clark,2025-02-16,0.31245,2,0.0
315,Clark,2025-02-28,0.0,1,0.0
315,Clark,2025-04-14,0.0,1,0.0
316,Darwin,2024-08-17,0.3182,1,0.0
316,Darwin,2024-08-25,-0.016579999999999994,10,0.3
316,Darwin,2024-08-26,0.1591,2,0.0
316,Darwin,2024-08-27,0.67005,2,0.0
316,Darwin,2024-09-01,-0.23651,10,0.4
316,Darwin,2024-09-02,0.3421,3,0.0
316,Darwin,2024-09-03,-0.4608666666666667,3,1.0
316,Darwin,2024-09-14,-0.27704,10,0.7
316,Darwin,2024-09-15,-0.09866666666666667,3,0.3333333333333333
316,Darwin,2024-09-21,0.26724285714285717,14,0.2857142857142857
316,Darwin,2024-09-22,0.3182,1,0.0
316,Darwin,2024-09-23,0.738175,4,0.0
316,Darwin,2024-10-20,0.17082,5,0.2
316,Darwin,2024-10-21,0.11848,5,0.4
316,Darwin,2024-10-22,0.01342500000000002,4,0.25
316,Darwin,2024-10-27,0.201225,8,0.375
316,Darwin,2024-10-28,0.23713333333333333,3,0.3333333333333333
316,Darwin,2024-10-29,0.0,3,0.0
316,Darwin,2024-11-02,-0.27642,10,0.6
316,Darwin,2024-11-03,-0.09450000000000003,3,0.6666666666666666
316,Darwin,2024-11-09,0.57045,4,0.0
316,Darwin,2024-11-10,0.46021999999999996,5,0.0
316,Darwin,2024-11-11,0.72885,2,0.0
316,Darwin,2024-11-24,-0.09424444444444445,9,0.4444444444444444
316,Darwin,2024-11-25,-0.2258,8,0.625
316,Darwin,2024-12-01,-0.3454428571428571,7,0.8571428571428571
316,Darwin,2024-12-02,0.47725999999999996,5,0.0
316,Darwin,2024-12-03,0.26798,5,0.0
316,Darwin,2024-12-04,-0.14792,5,0.4
316,Darwin,2024-12-05,0.26138,5,0.0
316,Darwin,2024-12-06,0.023014285714285716,7,0.42857142857142855
316,Darwin,2024-12-14,0.3509625,8,0.125
316,Darwin,2024-12-15,0.08378333333333332,6,0.16666666666666666
316,Darwin,2024-12-16,0.0,2,0.0
316,Darwin,2024-12-22,0.07955,4,0.25
316,Darwin,2024-12-23,0.0,1,0.0
316,Darwin,2024-12-24,0.23712,5,0.4
316,Darwin,2024-12-26,0.3574,3,0.0
316,Darwin,2024-12-27,-0.13104,5,0.6
316,Darwin,2024-12-28,-0.1215,4,0.5
316,Darwin,2025-01-05,-0.004066666666666669,18,0.2777777777777778
316,Darwin,2025-01-06,-0.08808,5,0.4
316,Darwin,2025-01-07,0.0,1,0.0
316,Darwin,2025-01-14,0.3182,1,0.0
316,Darwin,2025-01-18,0.28679166666666667,12,0.08333333333333333
316,Darwin,2025-01-19,0.25899999999999995,3,0.0
316,Darwin,2025-01-20,0.11627499999999999,4,0.5
316,Darwin,2025-01-25,0.2514571428571429,7,0.14285714285714285
316,Darwin,2025-01-26,0.16885,2,0.5
316,Darwin,2025-01-27,-0.1101,4,0.25
316,Darwin,2025-02-01,-0.038786666666666664,15,0.4666666666666667
316,Darwin,2025-02-02,0.03286666666666666,6,0.16666666666666666
316,Darwin,2025-02-03,-0.22643999999999997,5,0.6
316,Darwin,2025-02-16,-0.34906923076923074,13,0.6153846153846154
316,Darwin,2025-02-17,-0.09806666666666669,3,0.3333333333333333
316,Darwin,2025-02-18,0.19101428571428572,7,0.2857142857142857
316,Darwin,2025-02-24,0.0,1,0.0
316,Darwin,2025-02-26,-0.5034666666666666,3,0.6666666666666666
316,Darwin,2025-02-27,-0.006099999999999994,6,0.3333333333333333
316,Darwin,2025-03-08,0.2464681818181818,22,0.3181818181818182
316,Darwin,2025-03-09,0.4767,4,0.25
316,Darwin,2025-03-10,0.3098666666666667,9,0.0
316,Darwin,2025-04-02,-0.35503,10,0.6
316,Darwin,2025-04-03,-0.32125000000000004,4,0.5
316,Darwin,2025-04-04,-0.19558571428571428,7,0.8571428571428571
316,Darwin,2025-04-06,-0.038955555555555556,9,0.4444444444444444
316,Darwin,2025-04-07,0.24656666666666668,3,0.0
316,Darwin,2025-04-08,-0.05685000000000001,4,0.5
316,Darwin,2025-04-13,0.09225,2,0.5
316,Darwin,2025-04-27,-0.055433333333333334,9,0.3333333333333333
316,Darwin,2025-04-28,-0.09825,2,0.5
316,Darwin,2025-05-04,-0.09360000000000002,3,0.6666666666666666
316,Darwin,2025-05-05,-0.1468,3,0.3333333333333333
316,Darwin,2025-05-06,-0.05936666666666668,3,0.3333333333333333
316,Darwin,2025-05-11,0.12174,5,0.4
316,Darwin,2025-05-12,0.0369,5,0.2
316,Darwin,2025-05-13,0.10453333333333333,3,0.3333333333333333
316,Darwin,2025-05-19,-0.2785,7,0.5714285714285714
316,Darwin,2025-05-20,-0.1468,3,0.3333333333333333
316,Darwin,2025-05-21,-0.07056666666666667,3,0.3333333333333333
316,Darwin,2025-05-25,-0.07100000000000001,8,0.25
316,Darwin,2025-05-26,0.44015,2,0.0
316,Darwin,2025-05-27,-0.148,2,0.5
317,Diogo J.,2024-08-17,0.157525,8,0.25
317,Diogo J.,2024-08-19,0.189025,4,0.25
317,Diogo J.,2024-08-25,0.20945714285714284,7,0.0
317,Diogo J.,2024-08-26,0.50778,5,0.0
317,Diogo J.,2024-08-27,0.3348,2,0.0
317,Diogo J.,2024-09-01,0.18336000000000002,5,0.2
317,Diogo J.,2024-09-02,0.38639999999999997,8,0.0
317,Diogo J.,2024-09-03,0.47,4,0.25
317,Diogo J.,2024-09-14,-0.05444285714285714,7,0.14285714285714285
317,Diogo J.,2024-09-15,0.02761666666666666,6,0.3333333333333333
317,Diogo J.,2024-09-16,0.32805,4,0.0
317,Diogo J.,2024-09-28,0.4744625,8,0.0
317,Diogo J.,2024-09-29,0.5005714285714286,7,0.14285714285714285
317,Diogo J.,2024-09-30,-0.3142,3,0.6666666666666666
317,Diogo J.,2024-10-05,0.22602499999999998,4,0.0
317,Diogo J.,2024-10-06,0.52862,5,0.2
317,Diogo J.,2024-10-07,0.17804999999999999,2,0.5
317,Diogo J.,2024-10-20,-0.1859333333333333,6,0.5
317,Diogo J.,2024-10-21,-0.09727142857142858,7,0.2857142857142857
317,Diogo J.,2024-10-22,0.0,1,0.0
317,Diogo J.,2024-12-02,0.0,1,0.0
317,Diogo J.,2024-12-14,0.3622714285714285,7,0.2857142857142857
317,Diogo J.,2024-12-15,0.44797000000000003,10,0.0
317,Diogo J.,2024-12-16,0.4404,2,0.0
317,Diogo J.,2024-12-22,0.10728,10,0.2
317,Diogo J.,2024-12-23,-0.29456,5,0.8
317,Diogo J.,2024-12-24,0.14073333333333335,3,0.3333333333333333
317,Diogo J.,2024-12-26,0.05992857142857143,7,0.2857142857142857
317,Diogo J.,2024-12-27,0.0,3,0.0
317,Diogo J.,2024-12-28,-0.296,1,1.0
317,Diogo J.,2024-12-29,0.196,10,0.2
317,Diogo J.,2024-12-30,0.334875,8,0.0
317,Diogo J.,2024-12-31,-0.05135,4,0.5
317,Diogo J.,2025-01-05,0.06227499999999999,8,0.25
317,Diogo J.,2025-01-06,-0.40968,10,0.6
317,Diogo J.,2025-01-14,0.25976666666666665,9,0.2222222222222222
317,Diogo J.,2025-01-15,0.4236285714285714,7,0.0
317,Diogo J.,2025-01-20,0.4404,1,0.0
317,Diogo J.,2025-02-01,-0.24327142857142858,7,0.5714285714285714
317,Diogo J.,2025-02-02,-0.12602857142857143,7,0.42857142857142855
317,Diogo J.,2025-02-03,-0.41995,2,0.5
317,Diogo J.,2025-02-16,0.225525,16,0.125
317,Diogo J.,2025-02-17,-0.3142,3,0.6666666666666666
317,Diogo J.,2025-02-18,0.5011666666666666,3,0.0
317,Diogo J.,2025-02-26,0.06623333333333332,9,0.2222222222222222
317,Diogo J.,2025-02-27,0.11827499999999999,4,0.25
317,Diogo J.,2025-02-28,-0.1329,3,0.6666666666666666
317,Diogo J.,2025-03-08,0.08388,5,0.4
317,Diogo J.,2025-03-09,-0.061100000000000015,2,0.5
317,Diogo J.,2025-03-10,-0.05588,5,0.4
317,Diogo J.,2025-04-02,0.34670769230769233,13,0.15384615384615385
317,Diogo J.,2025-04-03,0.2906,3,0.0
317,Diogo J.,2025-04-04,0.4698,4,0.0
317,Diogo J.,2025-04-06,-0.029,11,0.45454545454545453
317,Diogo J.,2025-04-07,0.24608,5,0.2
317,Diogo J.,2025-04-08,-0.4649,2,1.0
317,Diogo J.,2025-04-13,0.24666000000000002,5,0.2
317,Diogo J.,2025-04-14,-0.18125,6,0.5
317,Diogo J.,2025-04-15,0.2235,3,0.0
317,Diogo J.,2025-04-20,-0.17576,10,0.5
317,Diogo J.,2025-04-22,0.3703,3,0.0
317,Diogo J.,2025-04-27,0.0803,6,0.16666666666666666
317,Diogo J.,2025-04-28,-0.41355,2,0.5
317,Diogo J.,2025-04-29,0.0,1,0.0
317,Diogo J.,2025-05-04,-0.1101,4,0.25
317,Diogo J.,2025-05-05,0.006133333333333324,3,0.3333333333333333
317,Diogo J.,2025-05-06,0.45204999999999995,2,0.0
317,Diogo J.,2025-05-11,0.22035555555555555,9,0.3333333333333333
317,Diogo J.,2025-05-12,-0.426975,4,0.75
317,Diogo J.,2025-05-13,0.32611999999999997,5,0.0
317,Diogo J.,2025-05-25,-0.012483333333333346,6,0.3333333333333333
317,Diogo J.,2025-05-26,0.1953,3,0.0
317,Diogo J.,2025-05-27,0.0,3,0.0
318,Doak,2024-08-19,0.5859,1,0.0
318,Doak,2024-09-21,0.8718,1,0.0
318,Doak,2024-12-01,-0.4404,1,1.0
318,Doak,2024-12-02,-0.296,1,1.0
318,Doak,2024-12-04,0.0,1,0.0
318,Doak,2024-12-15,0.0,1,0.0
318,Doak,2025-01-14,0.0,2,0.0
318,Doak,2025-02-24,0.21075,2,0.0
318,Doak,2025-02-26,0.6705,1,0.0
318,Doak,2025-03-08,0.4404,1,0.0
318,Doak,2025-04-14,0.0,1,0.0
318,Doak,2025-05-04,0.3182,1,0.0
318,Doak,2025-05-19,0.4215,1,0.0
319,Elliott,2024-08-25,-0.19746249999999999,8,0.375
319,Elliott,2024-08-26,-0.00630000000000001,3,0.3333333333333333
319,Elliott,2024-08-27,0.10606666666666666,3,0.0
319,Elliott,2024-11-03,-0.8399,1,1.0
319,Elliott,2024-11-24,0.1594,2,0.5
319,Elliott,2024-12-01,-0.26568571428571425,7,0.5714285714285714
319,Elliott,2024-12-02,0.2934333333333333,3,0.0
319,Elliott,2024-12-03,-0.2577333333333333,3,0.6666666666666666
319,Elliott,2024-12-14,-0.17638571428571428,7,0.5714285714285714
319,Elliott,2024-12-15,0.05486666666666664,3,0.3333333333333333
319,Elliott,2024-12-22,0.167625,4,0.0
319,Elliott,2024-12-23,-0.41995,2,0.5
319,Elliott,2024-12-24,-0.27996666666666664,3,0.3333333333333333
319,Elliott,2024-12-26,-0.05729090909090909,11,0.36363636363636365
319,Elliott,2024-12-27,-0.19169999999999998,3,0.6666666666666666
319,Elliott,2024-12-28,-0.142675,4,0.75
319,Elliott,2024-12-29,-0.04516,5,0.4
319,Elliott,2024-12-30,0.028349999999999997,6,0.3333333333333333
319,Elliott,2024-12-31,-0.296,1,1.0
319,Elliott,2025-01-05,-0.07355000000000002,4,0.25
319,Elliott,2025-01-06,0.25286666666666663,3,0.0
319,Elliott,2025-01-07,0.0,2,0.0
319,Elliott,2025-01-15,0.0,1,0.0
319,Elliott,2025-01-18,0.40296000000000004,5,0.0
319,Elliott,2025-01-19,0.49434999999999996,2,0.0
319,Elliott,2025-01-20,-0.8271,1,1.0
319,Elliott,2025-01-25,0.11144545454545454,11,0.18181818181818182
319,Elliott,2025-01-26,0.1686,5,0.0
319,Elliott,2025-01-27,-0.05135,2,0.5
319,Elliott,2025-02-23,-0.13502857142857144,7,0.42857142857142855
319,Elliott,2025-02-24,-0.18753333333333333,3,0.6666666666666666
319,Elliott,2025-02-25,0.5885,2,0.0
319,Elliott,2025-03-08,-0.02761666666666666,6,0.16666666666666666
319,Elliott,2025-03-10,0.1468,3,0.0
319,Elliott,2025-04-02,0.0,1,0.0
319,Elliott,2025-04-06,-0.08946666666666667,9,0.3333333333333333
319,Elliott,2025-04-07,0.07183333333333332,3,0.3333333333333333
319,Elliott,2025-04-08,-0.148,2,0.5
319,Elliott,2025-04-20,0.03403076923076922,13,0.15384615384615385
319,Elliott,2025-04-21,-0.074,4,0.25
319,Elliott,2025-04-22,0.0,1,0.0
319,Elliott,2025-04-27,-0.09081428571428571,7,0.42857142857142855
319,Elliott,2025-04-28,-0.27996666666666664,3,0.3333333333333333
319,Elliott,2025-04-29,0.0,2,0.0
319,Elliott,2025-05-04,0.1408,9,0.1111111111111111
319,Elliott,2025-05-05,0.2202,2,0.0
319,Elliott,2025-05-06,-0.1359142857142857,7,0.42857142857142855
319,Elliott,2025-05-11,-0.21971428571428572,7,0.5714285714285714
319,Elliott,2025-05-12,0.12742857142857142,7,0.2857142857142857
319,Elliott,2025-05-13,0.6249,1,0.0
319,Elliott,2025-05-19,0.06780833333333333,12,0.16666666666666666
319,Elliott,2025-05-20,0.08429999999999999,4,0.5
319,Elliott,2025-05-21,0.4215,1,0.0
319,Elliott,2025-05-25,-0.1156375,8,0.5
319,Elliott,2025-05-26,-0.15203333333333333,6,0.5
320,Endo,2024-08-25,-0.06645,6,0.3333333333333333
320,Endo,2024-08-26,0.33525,2,0.0
320,Endo,2024-08-27,-0.31845,2,0.5
320,Endo,2024-09-28,-0.36819999999999997,2,1.0
320,Endo,2024-10-05,-0.09659999999999999,7,0.42857142857142855
320,Endo,2024-10-06,0.22277999999999998,5,0.2
320,Endo,2024-10-07,0.02859999999999996,2,0.5
320,Endo,2024-10-27,0.27626666666666666,9,0.1111111111111111
320,Endo,2024-10-28,-0.04043999999999999,5,0.2
320,Endo,2024-10-29,0.006133333333333324,3,0.3333333333333333
320,Endo,2024-11-02,0.18244444444444444,9,0.3333333333333333
320,Endo,2024-11-03,0.189025,4,0.25
320,Endo,2024-11-04,-0.21230000000000002,3,0.6666666666666666
320,Endo,2024-11-09,-0.0694,4,0.5
320,Endo,2024-11-10,0.6249,1,0.0
320,Endo,2024-11-11,-0.41474,5,0.8
320,Endo,2024-11-24,-0.011411111111111113,9,0.2222222222222222
320,Endo,2024-11-26,-0.4404,1,1.0
320,Endo,2024-12-26,0.04548333333333332,6,0.5
320,Endo,2024-12-27,-0.2672,3,0.3333333333333333
320,Endo,2024-12-28,-0.03423333333333333,3,0.3333333333333333
320,Endo,2024-12-29,-0.33854999999999996,6,0.8333333333333334
320,Endo,2024-12-30,0.0,3,0.0
320,Endo,2024-12-31,-0.6369,1,1.0
320,Endo,2025-01-14,0.6249,1,0.0
320,Endo,2025-01-20,0.0,1,0.0
320,Endo,2025-01-25,-0.402375,8,0.75
320,Endo,2025-01-26,0.0,2,0.0
320,Endo,2025-01-27,0.4359,2,0.0
320,Endo,2025-02-01,-0.14684999999999998,8,0.375
320,Endo,2025-02-02,-0.18103333333333335,3,0.6666666666666666
320,Endo,2025-02-03,-0.7906,1,1.0
320,Endo,2025-02-16,-0.08558000000000002,5,0.4
320,Endo,2025-02-17,-0.42746000000000006,5,1.0
320,Endo,2025-02-18,-0.03619999999999998,4,0.5
320,Endo,2025-02-23,-0.1172909090909091,11,0.45454545454545453
320,Endo,2025-02-24,-0.03423333333333333,3,0.3333333333333333
320,Endo,2025-02-25,0.449525,4,0.25
320,Endo,2025-02-26,0.24462857142857142,7,0.14285714285714285
320,Endo,2025-02-27,-0.11504999999999999,2,0.5
320,Endo,2025-02-28,-0.17618,5,0.8
320,Endo,2025-03-08,0.2513090909090909,11,0.2727272727272727
320,Endo,2025-03-09,0.4215,1,0.0
320,Endo,2025-03-10,0.2814,2,0.5
320,Endo,2025-04-02,-0.06744444444444445,9,0.3333333333333333
320,Endo,2025-04-03,0.24985000000000002,4,0.25
320,Endo,2025-04-04,-0.29217499999999996,4,0.75
320,Endo,2025-04-08,0.5859,1,0.0
320,Endo,2025-04-13,-0.21386666666666665,6,0.6666666666666666
320,Endo,2025-04-14,0.0,3,0.0
320,Endo,2025-04-15,0.0,2,0.0
320,Endo,2025-04-27,0.007533333333333336,6,0.5
320,Endo,2025-04-28,0.0,2,0.0
320,Endo,2025-04-29,0.0,1,0.0
320,Endo,2025-05-04,-0.047411111111111105,9,0.2222222222222222
320,Endo,2025-05-05,0.3476,4,0.0
320,Endo,2025-05-06,-0.1027,1,1.0
320,Endo,2025-05-19,0.003883333333333313,6,0.5
320,Endo,2025-05-21,-0.07600000000000001,4,0.5
320,Endo,2025-05-25,-0.13842,10,0.6
320,Endo,2025-05-26,0.219875,4,0.25
320,Endo,2025-05-27,-0.45776666666666666,3,1.0
321,Gakpo,2024-08-17,0.012325000000000003,8,0.25
321,Gakpo,2024-08-18,-0.38412499999999994,4,0.75
321,Gakpo,2024-08-25,-0.007837499999999997,8,0.5
321,Gakpo,2024-08-26,0.011099999999999999,2,0.5
321,Gakpo,2024-08-27,-0.03423333333333333,3,0.3333333333333333
321,Gakpo,2024-09-01,-0.36819999999999997,2,1.0
321,Gakpo,2024-09-02,-0.148,2,0.5
321,Gakpo,2024-09-03,0.1508,5,0.0
321,Gakpo,2024-09-14,-0.07680000000000001,9,0.4444444444444444
321,Gakpo,2024-09-15,0.34833333333333333,3,0.3333333333333333
321,Gakpo,2024-09-16,-0.08137999999999998,5,0.4
321,Gakpo,2024-09-21,0.1749666666666667,6,0.3333333333333333
321,Gakpo,2024-09-22,-0.05135,2,0.5
321,Gakpo,2024-09-23,-0.009450000000000014,2,0.5
321,Gakpo,2024-09-28,-0.09467499999999998,8,0.5
321,Gakpo,2024-09-29,-0.10623333333333335,3,0.3333333333333333
321,Gakpo,2024-09-30,-0.6154999999999999,2,1.0
321,Gakpo,2024-10-05,0.14923333333333333,9,0.1111111111111111
321,Gakpo,2024-10-06,0.167625,4,0.0
321,Gakpo,2024-10-07,0.0,1,0.0
321,Gakpo,2024-10-20,0.15592857142857142,7,0.2857142857142857
321,Gakpo,2024-10-21,-0.5785,3,1.0
321,Gakpo,2024-10-22,-0.1468,3,0.3333333333333333
321,Gakpo,2024-10-27,0.28203999999999996,5,0.0
321,Gakpo,2024-10-28,0.041833333333333333,3,0.3333333333333333
321,Gakpo,2024-10-29,0.17105,6,0.0
321,Gakpo,2024-11-02,0.407,7,0.2857142857142857
321,Gakpo,2024-11-03,0.3256,8,0.125
321,Gakpo,2024-11-04,0.146475,4,0.0
321,Gakpo,2024-11-09,-0.15089999999999998,8,0.25
321,Gakpo,2024-11-10,-0.403275,4,0.75
321,Gakpo,2024-11-11,0.09431666666666667,6,0.3333333333333333
321,Gakpo,2024-11-24,0.13715,4,0.5
321,Gakpo,2024-11-25,0.4439,4,0.25
321,Gakpo,2024-11-26,-0.6537,2,1.0
321,Gakpo,2024-12-01,0.084425,4,0.25
321,Gakpo,2024-12-02,0.10774999999999998,2,0.5
321,Gakpo,2024-12-03,0.20235,4,0.25
321,Gakpo,2024-12-04,-0.039729999999999994,10,0.4
321,Gakpo,2024-12-05,0.2934333333333333,3,0.0
321,Gakpo,2024-12-06,-0.017000000000000015,3,0.3333333333333333
321,Gakpo,2024-12-14,0.33758333333333335,6,0.16666666666666666
321,Gakpo,2024-12-15,0.6705,1,0.0
321,Gakpo,2024-12-16,0.3013666666666666,3,0.0
321,Gakpo,2024-12-22,-0.14277777777777778,9,0.5555555555555556
321,Gakpo,2024-12-23,-0.10862000000000001,5,0.4
321,Gakpo,2024-12-24,-0.2147,4,0.5
321,Gakpo,2024-12-26,0.35357777777777777,9,0.0
321,Gakpo,2024-12-27,0.572225,8,0.125
321,Gakpo,2024-12-28,0.55126,5,0.2
321,Gakpo,2024-12-29,0.1094888888888889,9,0.2222222222222222
321,Gakpo,2024-12-30,0.2821,4,0.0
321,Gakpo,2024-12-31,-0.1267,3,0.3333333333333333
321,Gakpo,2025-01-05,0.32268461538461535,13,0.15384615384615385
321,Gakpo,2025-01-06,0.461275,4,0.0
321,Gakpo,2025-01-07,0.16329999999999997,5,0.2
321,Gakpo,2025-01-14,-0.18416666666666667,6,0.5
321,Gakpo,2025-01-15,-0.09866666666666667,3,0.3333333333333333
321,Gakpo,2025-01-16,-0.39805,4,0.5
321,Gakpo,2025-01-18,-0.12544,10,0.4
321,Gakpo,2025-01-19,0.2202,2,0.0
321,Gakpo,2025-01-25,0.15829230769230768,26,0.3076923076923077
321,Gakpo,2025-01-26,0.22879999999999998,7,0.14285714285714285
321,Gakpo,2025-01-27,-0.05135,2,0.5
321,Gakpo,2025-02-01,0.0854388888888889,18,0.2222222222222222
321,Gakpo,2025-02-02,0.07575,8,0.125
321,Gakpo,2025-02-03,-0.223325,4,0.5
321,Gakpo,2025-02-17,0.0,1,0.0
321,Gakpo,2025-02-23,-0.3028,3,0.6666666666666666
321,Gakpo,2025-02-24,0.487625,4,0.0
321,Gakpo,2025-02-25,0.43095,2,0.0
321,Gakpo,2025-02-26,0.0692090909090909,11,0.18181818181818182
321,Gakpo,2025-02-27,-0.512975,4,0.75
321,Gakpo,2025-02-28,0.3488,3,0.0
321,Gakpo,2025-04-02,-0.148975,8,0.375
321,Gakpo,2025-04-03,0.3294,4,0.0
321,Gakpo,2025-04-04,0.8588,1,0.0
321,Gakpo,2025-04-06,-0.06898750000000001,8,0.375
321,Gakpo,2025-04-07,-0.1101,4,0.25
321,Gakpo,2025-04-08,0.048733333333333316,3,0.3333333333333333
321,Gakpo,2025-04-13,0.24222499999999997,4,0.25
321,Gakpo,2025-04-14,0.15293333333333334,3,0.0
321,Gakpo,2025-04-15,-0.03423333333333333,3,0.3333333333333333
321,Gakpo,2025-04-20,-0.092825,12,0.3333333333333333
321,Gakpo,2025-04-22,0.04309999999999999,5,0.2
321,Gakpo,2025-04-27,0.283575,8,0.125
321,Gakpo,2025-04-28,0.2305125,8,0.25
321,Gakpo,2025-04-29,-0.05135,2,0.5
321,Gakpo,2025-05-04,0.03080625,16,0.3125
321,Gakpo,2025-05-05,-0.296,1,1.0
321,Gakpo,2025-05-11,0.31543333333333334,12,0.08333333333333333
321,Gakpo,2025-05-12,0.18867142857142857,7,0.0
321,Gakpo,2025-05-13,-0.148,2,0.5
321,Gakpo,2025-05-19,-0.13292857142857145,7,0.42857142857142855
321,Gakpo,2025-05-20,0.0,1,0.0
321,Gakpo,2025-05-21,0.4359,2,0.0
321,Gakpo,2025-05-25,0.40023333333333333,9,0.2222222222222222
321,Gakpo,2025-05-26,0.3498285714285715,7,0.14285714285714285
321,Gakpo,2025-05-27,0.3612333333333333,3,0.0
322,Gomez,2024-09-28,0.18964999999999999,8,0.0
322,Gomez,2024-09-29,-0.5599333333333333,3,0.6666666666666666
322,Gomez,2024-09-30,-0.27155,2,1.0
322,Gomez,2024-10-05,-0.6124,1,1.0
322,Gomez,2024-10-06,0.0,1,0.0
322,Gomez,2024-10-20,0.24488000000000004,10,0.0
322,Gomez,2024-10-21,0.2202,2,0.0
322,Gomez,2024-10-22,0.21075,2,0.0
322,Gomez,2024-11-02,0.10731666666666666,6,0.3333333333333333
322,Gomez,2024-11-03,0.09225,2,0.5
322,Gomez,2024-11-04,0.0,1,0.0
322,Gomez,2024-12-01,0.4504142857142857,7,0.14285714285714285
322,Gomez,2024-12-02,0.72235,2,0.0
322,Gomez,2024-12-03,0.51315,2,0.0
322,Gomez,2024-12-04,0.223075,8,0.25
322,Gomez,2024-12-05,0.0021571428571428575,7,0.2857142857142857
322,Gomez,2024-12-06,0.4748333333333334,3,0.0
322,Gomez,2024-12-14,0.334975,4,0.0
322,Gomez,2024-12-15,0.0,2,0.0
322,Gomez,2024-12-16,-0.00630000000000001,3,0.3333333333333333
322,Gomez,2024-12-22,0.14467142857142856,7,0.14285714285714285
322,Gomez,2024-12-23,-0.6124,1,1.0
322,Gomez,2024-12-24,-0.36819999999999997,2,1.0
322,Gomez,2024-12-26,-0.1619142857142857,7,0.2857142857142857
322,Gomez,2024-12-27,-0.148,2,0.5
322,Gomez,2024-12-28,-0.40717499999999995,4,0.5
322,Gomez,2024-12-29,0.04467777777777778,9,0.2222222222222222
322,Gomez,2024-12-30,0.1591,2,0.0
322,Gomez,2025-01-18,0.0,2,0.0
322,Gomez,2025-02-01,-0.1027,1,1.0
322,Gomez,2025-02-26,-0.1027,1,1.0
322,Gomez,2025-04-06,-0.1027,1,1.0
322,Gomez,2025-04-13,0.3182,1,0.0
322,Gomez,2025-05-20,-0.1027,1,1.0
323,Gravenberch,2024-08-17,0.1097875,8,0.25
323,Gravenberch,2024-08-18,-0.41995,2,0.5
323,Gravenberch,2024-08-19,0.0,1,0.0
323,Gravenberch,2024-08-25,-0.00941818181818181,11,0.36363636363636365
323,Gravenberch,2024-08-26,0.0,2,0.0
323,Gravenberch,2024-08-27,-0.1204,3,0.3333333333333333
323,Gravenberch,2024-09-01,0.0,8,0.0
323,Gravenberch,2024-09-02,-0.2235,3,0.3333333333333333
323,Gravenberch,2024-09-03,-0.1027,1,1.0
323,Gravenberch,2024-09-14,0.13573333333333334,9,0.3333333333333333
323,Gravenberch,2024-09-15,0.4588,1,0.0
323,Gravenberch,2024-09-16,0.21075,2,0.0
323,Gravenberch,2024-09-21,0.30796999999999997,10,0.1
323,Gravenberch,2024-09-22,-0.1714,2,0.5
323,Gravenberch,2024-09-23,0.44275,4,0.0
323,Gravenberch,2024-09-28,-0.04019999999999999,6,0.16666666666666666
323,Gravenberch,2024-09-29,0.42514,5,0.2
323,Gravenberch,2024-09-30,0.31245,2,0.0
323,Gravenberch,2024-10-05,0.09727142857142858,7,0.14285714285714285
323,Gravenberch,2024-10-06,0.1468,3,0.0
323,Gravenberch,2024-10-07,-0.05120000000000002,3,0.3333333333333333
323,Gravenberch,2024-10-20,0.05723076923076923,13,0.38461538461538464
323,Gravenberch,2024-10-21,0.0,2,0.5
323,Gravenberch,2024-10-22,0.0,1,0.0
323,Gravenberch,2024-10-27,-0.32713333333333333,9,0.5555555555555556
323,Gravenberch,2024-10-28,0.04677500000000001,4,0.25
323,Gravenberch,2024-10-29,0.6705,1,0.0
323,Gravenberch,2024-11-02,-0.0777875,8,0.5
323,Gravenberch,2024-11-03,-0.2744,4,0.5
323,Gravenberch,2024-11-04,0.0,1,0.0
323,Gravenberch,2024-11-09,0.40090000000000003,6,0.0
323,Gravenberch,2024-11-10,0.09176,5,0.2
323,Gravenberch,2024-11-11,-0.005620000000000003,5,0.4
323,Gravenberch,2024-11-24,0.488875,4,0.0
323,Gravenberch,2024-11-25,0.41850000000000004,3,0.0
323,Gravenberch,2024-12-01,-0.0881,6,0.5
323,Gravenberch,2024-12-02,0.0679125,8,0.375
323,Gravenberch,2024-12-03,0.25133333333333335,3,0.0
323,Gravenberch,2024-12-04,0.05042,5,0.2
323,Gravenberch,2024-12-05,-0.4713333333333334,3,0.6666666666666666
323,Gravenberch,2024-12-06,0.6249,1,0.0
323,Gravenberch,2024-12-14,-0.05731666666666666,12,0.25
323,Gravenberch,2024-12-15,-0.135775,4,0.5
323,Gravenberch,2024-12-16,0.0,1,0.0
323,Gravenberch,2024-12-22,0.03212999999999999,10,0.2
323,Gravenberch,2024-12-24,0.015075000000000005,4,0.25
323,Gravenberch,2024-12-26,-0.027772727272727282,11,0.36363636363636365
323,Gravenberch,2024-12-27,-0.14710000000000004,2,0.5
323,Gravenberch,2024-12-28,-0.31695,4,0.75
323,Gravenberch,2024-12-29,0.2821866666666667,15,0.2
323,Gravenberch,2024-12-30,0.0,2,0.0
323,Gravenberch,2025-01-05,0.026790000000000008,10,0.4
323,Gravenberch,2025-01-06,-0.09419999999999999,5,0.4
323,Gravenberch,2025-01-07,0.27199999999999996,3,0.3333333333333333
323,Gravenberch,2025-01-14,-0.0026125000000000037,8,0.375
323,Gravenberch,2025-01-15,-0.45215,2,1.0
323,Gravenberch,2025-01-16,-0.049816666666666655,6,0.5
323,Gravenberch,2025-01-18,0.15718333333333334,6,0.0
323,Gravenberch,2025-01-19,0.0,1,0.0
323,Gravenberch,2025-01-25,0.31092,5,0.2
323,Gravenberch,2025-01-26,0.0,2,0.0
323,Gravenberch,2025-01-27,0.6249,1,0.0
323,Gravenberch,2025-02-01,-0.019599999999999996,12,0.25
323,Gravenberch,2025-02-02,0.22583333333333333,6,0.16666666666666666
323,Gravenberch,2025-02-03,0.19153333333333333,6,0.16666666666666666
323,Gravenberch,2025-02-16,0.07322631578947368,19,0.2631578947368421
323,Gravenberch,2025-02-17,-0.20604615384615382,13,0.6153846153846154
323,Gravenberch,2025-02-18,-0.05135,2,0.5
323,Gravenberch,2025-02-23,0.07194285714285713,7,0.2857142857142857
323,Gravenberch,2025-02-24,0.3182,1,0.0
323,Gravenberch,2025-02-25,-0.26353333333333334,3,0.3333333333333333
323,Gravenberch,2025-02-26,0.08858571428571428,7,0.2857142857142857
323,Gravenberch,2025-02-27,0.8129,2,0.0
323,Gravenberch,2025-02-28,-0.13624999999999998,4,0.5
323,Gravenberch,2025-03-08,0.10785,6,0.16666666666666666
323,Gravenberch,2025-03-09,0.1868,2,0.5
323,Gravenberch,2025-03-10,-0.320075,4,0.5
323,Gravenberch,2025-04-02,-0.02627272727272727,11,0.36363636363636365
323,Gravenberch,2025-04-03,0.1407,4,0.25
323,Gravenberch,2025-04-04,-0.3062,2,0.5
323,Gravenberch,2025-04-06,0.20844285714285715,7,0.14285714285714285
323,Gravenberch,2025-04-07,0.2611,2,0.5
323,Gravenberch,2025-04-08,0.10774999999999998,2,0.5
323,Gravenberch,2025-04-13,0.24233749999999998,8,0.125
323,Gravenberch,2025-04-14,-0.08742000000000001,5,0.6
323,Gravenberch,2025-04-15,0.0,1,0.0
323,Gravenberch,2025-04-20,0.22412857142857143,7,0.14285714285714285
323,Gravenberch,2025-04-21,-0.1027,1,1.0
323,Gravenberch,2025-04-22,0.8588,1,0.0
323,Gravenberch,2025-04-27,0.043055555555555555,9,0.3333333333333333
323,Gravenberch,2025-04-28,0.595,2,0.0
323,Gravenberch,2025-04-29,-0.16713333333333333,3,1.0
323,Gravenberch,2025-05-11,0.010388888888888892,9,0.3333333333333333
323,Gravenberch,2025-05-12,-0.8271,1,1.0
323,Gravenberch,2025-05-13,-0.3733,4,0.75
323,Gravenberch,2025-05-19,-0.33833749999999996,8,0.75
323,Gravenberch,2025-05-20,0.20143333333333333,3,0.3333333333333333
323,Gravenberch,2025-05-21,-0.33525,2,0.5
323,Gravenberch,2025-05-25,-0.02197272727272727,11,0.36363636363636365
323,Gravenberch,2025-05-26,0.36195,4,0.0
323,Gravenberch,2025-05-27,0.4215,1,0.0
324,Jones,2024-08-27,0.0,1,0.0
324,Jones,2024-09-01,0.0,1,0.0
324,Jones,2024-09-02,0.4588,1,0.0
324,Jones,2024-09-14,0.30263,10,0.1
324,Jones,2024-09-15,-0.5771333333333333,3,1.0
324,Jones,2024-09-16,0.25899999999999995,3,0.0
324,Jones,2024-09-21,-0.404425,4,0.5
324,Jones,2024-09-22,-0.05889999999999999,3,0.3333333333333333
324,Jones,2024-09-23,0.16666666666666666,3,0.3333333333333333
324,Jones,2024-09-28,0.191125,8,0.125
324,Jones,2024-09-29,0.17406666666666668,3,0.3333333333333333
324,Jones,2024-09-30,0.21851428571428572,7,0.2857142857142857
324,Jones,2024-10-05,0.08374285714285713,7,0.2857142857142857
324,Jones,2024-10-06,0.8718,1,0.0
324,Jones,2024-10-07,0.0,1,0.0
324,Jones,2024-10-20,0.35508888888888884,18,0.16666666666666666
324,Jones,2024-10-21,0.28947,10,0.1
324,Jones,2024-10-22,0.17235,4,0.25
324,Jones,2024-10-27,0.1026,7,0.2857142857142857
324,Jones,2024-10-28,-0.332,3,1.0
324,Jones,2024-10-29,0.3182,1,0.0
324,Jones,2024-11-02,0.11717999999999999,5,0.2
324,Jones,2024-11-03,0.10963333333333335,3,0.3333333333333333
324,Jones,2024-11-04,0.8718,1,0.0
324,Jones,2024-11-09,-0.04893333333333335,6,0.3333333333333333
324,Jones,2024-11-10,0.4404,1,0.0
324,Jones,2024-11-11,-0.6705,1,1.0
324,Jones,2024-11-24,-0.17338,10,0.4
324,Jones,2024-11-25,-0.2322714285714286,7,0.5714285714285714
324,Jones,2024-11-26,0.6705,1,0.0
324,Jones,2024-12-01,-0.07279999999999999,11,0.45454545454545453
324,Jones,2024-12-02,-0.27466,5,0.6
324,Jones,2024-12-03,-0.6154999999999999,2,1.0
324,Jones,2024-12-04,0.2211,5,0.4
324,Jones,2024-12-05,0.16505,6,0.5
324,Jones,2024-12-06,-0.4404,1,1.0
324,Jones,2024-12-14,-0.11678000000000002,5,0.6
324,Jones,2024-12-15,-0.351725,4,0.75
324,Jones,2024-12-16,-0.07056666666666667,3,0.3333333333333333
324,Jones,2024-12-22,0.15021,10,0.2
324,Jones,2024-12-23,0.04112499999999998,4,0.5
324,Jones,2024-12-24,-0.3622,3,0.6666666666666666
324,Jones,2024-12-26,0.3197,8,0.125
324,Jones,2024-12-27,0.6696,1,0.0
324,Jones,2024-12-28,-0.0869,5,0.4
324,Jones,2024-12-30,-0.0031200000000000004,10,0.4
324,Jones,2024-12-31,0.5859,1,0.0
324,Jones,2025-01-05,0.07519999999999998,5,0.4
324,Jones,2025-01-06,0.38849999999999996,5,0.0
324,Jones,2025-01-07,-0.15289999999999998,4,0.5
324,Jones,2025-01-14,0.191975,8,0.375
324,Jones,2025-01-15,-0.41033333333333327,3,0.6666666666666666
324,Jones,2025-01-16,-0.8271,1,1.0
324,Jones,2025-01-18,-0.11088333333333333,6,0.5
324,Jones,2025-01-19,-0.14792,5,0.4
324,Jones,2025-01-20,0.47172000000000003,5,0.0
324,Jones,2025-02-01,-0.1585857142857143,14,0.5
324,Jones,2025-02-02,-0.12485714285714285,7,0.2857142857142857
324,Jones,2025-02-16,0.1809,8,0.125
324,Jones,2025-02-17,0.32348,5,0.0
324,Jones,2025-02-18,-0.12079999999999999,5,0.6
324,Jones,2025-02-23,0.1448,11,0.2727272727272727
324,Jones,2025-02-24,-0.025675,4,0.25
324,Jones,2025-02-25,0.4215,1,0.0
324,Jones,2025-02-26,0.217,5,0.4
324,Jones,2025-02-27,0.22424285714285716,7,0.0
324,Jones,2025-02-28,0.0,2,0.0
324,Jones,2025-03-08,-0.15974285714285713,7,0.42857142857142855
324,Jones,2025-03-09,-0.17435714285714285,7,0.42857142857142855
324,Jones,2025-03-10,0.047199999999999985,3,0.3333333333333333
324,Jones,2025-04-02,-0.05282,5,0.4
324,Jones,2025-04-03,0.25286666666666663,3,0.0
324,Jones,2025-04-06,0.02644000000000001,10,0.3
324,Jones,2025-04-07,0.006580000000000008,5,0.4
324,Jones,2025-04-08,0.0,1,0.0
324,Jones,2025-04-13,0.1826272727272727,11,0.18181818181818182
324,Jones,2025-04-14,0.0,3,0.0
324,Jones,2025-04-15,0.03410000000000002,2,0.5
324,Jones,2025-04-20,-0.1369,9,0.4444444444444444
324,Jones,2025-04-21,0.6053999999999999,2,0.0
324,Jones,2025-04-22,0.1591,2,0.0
324,Jones,2025-04-27,-0.030925000000000015,8,0.5
324,Jones,2025-04-28,-0.04234,5,0.2
324,Jones,2025-04-29,-0.3953,2,0.5
324,Jones,2025-05-04,0.03381666666666666,6,0.3333333333333333
324,Jones,2025-05-05,-0.05505,8,0.25
324,Jones,2025-05-06,-0.7906,1,1.0
324,Jones,2025-05-11,0.27540000000000003,6,0.16666666666666666
324,Jones,2025-05-12,-0.05120000000000002,3,0.3333333333333333
324,Jones,2025-05-19,0.2309,4,0.25
324,Jones,2025-05-20,0.18068,5,0.4
324,Jones,2025-05-21,-0.148,2,0.5
324,Jones,2025-05-25,-0.18409999999999999,4,0.5
324,Jones,2025-05-26,0.13475,4,0.25
324,Jones,2025-05-27,-0.009450000000000014,2,0.5
325,Kelleher,2024-09-21,-0.11637499999999999,8,0.375
325,Kelleher,2024-09-22,0.4215,1,0.0
325,Kelleher,2024-09-23,0.005300000000000009,3,0.3333333333333333
325,Kelleher,2024-10-20,0.20549999999999996,5,0.2
325,Kelleher,2024-10-21,-0.09866666666666667,3,0.3333333333333333
325,Kelleher,2024-10-22,-0.2757,3,0.3333333333333333
325,Kelleher,2024-10-27,-0.24998,5,0.6
325,Kelleher,2024-10-28,0.0,1,0.0
325,Kelleher,2024-10-29,0.023766666666666676,3,0.3333333333333333
325,Kelleher,2024-11-02,0.1944,4,0.25
325,Kelleher,2024-11-03,0.31245,2,0.0
325,Kelleher,2024-11-04,0.1591,2,0.0
325,Kelleher,2024-11-09,0.35471428571428565,7,0.14285714285714285
325,Kelleher,2024-11-10,0.5166333333333334,3,0.0
325,Kelleher,2024-11-11,0.4404,1,0.0
325,Kelleher,2024-11-24,0.2628,7,0.2857142857142857
325,Kelleher,2024-11-25,0.0,2,0.0
325,Kelleher,2024-11-26,-0.04003333333333333,3,0.3333333333333333
325,Kelleher,2024-12-01,0.33558,5,0.0
325,Kelleher,2024-12-02,0.22035,4,0.5
325,Kelleher,2024-12-03,-0.6124,1,1.0
325,Kelleher,2024-12-04,0.08894999999999999,6,0.16666666666666666
325,Kelleher,2024-12-05,-0.4008,2,0.5
325,Kelleher,2024-12-06,-0.040733333333333344,3,0.3333333333333333
325,Kelleher,2024-12-22,-0.1027,1,1.0
325,Kelleher,2024-12-23,0.6249,1,0.0
325,Kelleher,2025-01-18,0.3182,1,0.0
325,Kelleher,2025-01-26,0.6705,1,0.0
325,Kelleher,2025-02-01,-0.4404,1,1.0
325,Kelleher,2025-02-16,0.0,1,0.0
325,Kelleher,2025-02-26,0.8718,1,0.0
325,Kelleher,2025-03-08,0.0,1,0.0
325,Kelleher,2025-04-02,0.1511,8,0.375
325,Kelleher,2025-04-03,0.0,1,0.0
325,Kelleher,2025-04-04,0.4404,1,0.0
325,Kelleher,2025-04-06,-0.03655,8,0.375
325,Kelleher,2025-04-07,-0.1597,4,0.5
325,Kelleher,2025-04-08,-0.296,1,1.0
325,Kelleher,2025-04-14,0.0,1,0.0
325,Kelleher,2025-04-29,0.0,1,0.0
325,Kelleher,2025-05-05,0.3182,1,0.0
325,Kelleher,2025-05-06,0.0,1,0.0
325,Kelleher,2025-05-12,0.0,1,0.0
326,Konaté,2024-08-17,0.11814166666666666,12,0.25
326,Konaté,2024-08-18,-0.2226,6,0.5
326,Konaté,2024-08-25,0.1159375,8,0.375
326,Konaté,2024-08-26,0.2824625,8,0.375
326,Konaté,2024-08-27,0.10626666666666666,3,0.3333333333333333
326,Konaté,2024-09-01,0.23016666666666666,6,0.16666666666666666
326,Konaté,2024-09-02,-0.0673,5,0.6
326,Konaté,2024-09-03,0.4588,1,0.0
326,Konaté,2024-09-14,0.14701999999999998,5,0.2
326,Konaté,2024-09-15,0.11869999999999999,3,0.3333333333333333
326,Konaté,2024-09-16,-0.05135,2,0.5
326,Konaté,2024-09-21,0.27475,12,0.3333333333333333
326,Konaté,2024-09-22,0.29011666666666663,6,0.3333333333333333
326,Konaté,2024-09-23,0.29405,6,0.3333333333333333
326,Konaté,2024-09-28,0.20145999999999997,5,0.2
326,Konaté,2024-09-29,0.204,4,0.25
326,Konaté,2024-09-30,-0.061100000000000015,2,0.5
326,Konaté,2024-10-05,0.20893333333333333,9,0.1111111111111111
326,Konaté,2024-10-06,0.2083,3,0.0
326,Konaté,2024-10-07,0.5859,1,0.0
326,Konaté,2024-10-20,-0.23727777777777778,9,0.5555555555555556
326,Konaté,2024-10-21,-0.27642,5,0.6
326,Konaté,2024-10-22,-0.040733333333333344,3,0.3333333333333333
326,Konaté,2024-10-27,0.052525,8,0.25
326,Konaté,2024-10-28,0.09225,2,0.5
326,Konaté,2024-10-29,0.12079999999999999,4,0.25
326,Konaté,2024-11-02,-0.05355,4,0.75
326,Konaté,2024-11-03,-0.148,2,0.5
326,Konaté,2024-11-04,-0.280325,4,0.5
326,Konaté,2024-11-09,0.21822,5,0.0
326,Konaté,2024-11-10,0.2178,3,0.6666666666666666
326,Konaté,2024-11-11,-0.0997,7,0.5714285714285714
326,Konaté,2024-11-24,-0.27382352941176474,17,0.5294117647058824
326,Konaté,2024-11-25,0.09086666666666667,3,0.3333333333333333
326,Konaté,2024-11-26,-0.07733999999999999,5,0.2
326,Konaté,2024-12-04,0.0,1,0.0
326,Konaté,2024-12-23,0.37929999999999997,2,0.0
326,Konaté,2024-12-29,0.17804999999999999,2,0.5
326,Konaté,2025-01-05,0.10966000000000001,5,0.2
326,Konaté,2025-01-06,-0.03322499999999999,8,0.25
326,Konaté,2025-01-07,0.1101,4,0.0
326,Konaté,2025-01-14,-0.12775999999999998,5,0.4
326,Konaté,2025-01-15,-0.02255000000000001,4,0.5
326,Konaté,2025-01-16,-0.01858333333333333,6,0.5
326,Konaté,2025-01-18,0.41594166666666665,12,0.16666666666666666
326,Konaté,2025-01-19,0.13068,5,0.4
326,Konaté,2025-01-20,0.754,1,0.0
326,Konaté,2025-01-25,-0.1962,7,0.5714285714285714
326,Konaté,2025-01-26,0.33399999999999996,4,0.25
326,Konaté,2025-01-27,-0.10177999999999998,5,0.2
326,Konaté,2025-02-01,0.25433999999999996,25,0.12
326,Konaté,2025-02-02,0.23536666666666667,9,0.1111111111111111
326,Konaté,2025-02-03,0.23613999999999996,5,0.2
326,Konaté,2025-02-16,-0.03206666666666666,21,0.2857142857142857
326,Konaté,2025-02-17,0.11110909090909091,11,0.18181818181818182
326,Konaté,2025-02-18,-0.37776666666666664,6,0.5
326,Konaté,2025-02-23,0.3124818181818182,11,0.18181818181818182
326,Konaté,2025-02-24,0.5549999999999999,2,0.0
326,Konaté,2025-02-25,0.5859,1,0.0
326,Konaté,2025-02-26,0.19586363636363638,11,0.2727272727272727
326,Konaté,2025-02-27,-0.10470000000000002,5,0.8
326,Konaté,2025-02-28,-0.4404,1,1.0
326,Konaté,2025-03-08,0.019477777777777785,9,0.3333333333333333
326,Konaté,2025-03-09,-0.4530142857142857,7,0.7142857142857143
326,Konaté,2025-03-10,-0.41995,2,0.5
326,Konaté,2025-04-02,0.34928333333333333,6,0.16666666666666666
326,Konaté,2025-04-03,0.33140000000000003,4,0.0
326,Konaté,2025-04-04,0.2742,4,0.25
326,Konaté,2025-04-06,0.1452375,8,0.25
326,Konaté,2025-04-07,0.3182,1,0.0
326,Konaté,2025-04-08,-0.6369,1,1.0
326,Konaté,2025-04-13,-0.16162727272727273,11,0.45454545454545453
326,Konaté,2025-04-14,-0.12095,4,0.5
326,Konaté,2025-04-15,-0.148,2,0.5
326,Konaté,2025-04-20,0.1564,8,0.375
326,Konaté,2025-04-21,-0.04108,5,0.4
326,Konaté,2025-04-22,-0.1027,1,1.0
326,Konaté,2025-04-27,-0.260575,8,0.625
326,Konaté,2025-04-28,0.47280000000000005,6,0.0
326,Konaté,2025-04-29,0.119425,4,0.25
326,Konaté,2025-05-11,-0.0614125,8,0.25
326,Konaté,2025-05-12,0.14049999999999999,3,0.0
326,Konaté,2025-05-13,-0.48324999999999996,2,1.0
326,Konaté,2025-05-19,-0.14728,5,0.4
326,Konaté,2025-05-20,-0.5514,3,0.6666666666666666
326,Konaté,2025-05-21,0.3348,2,0.0
326,Konaté,2025-05-25,0.1889,10,0.2
326,Konaté,2025-05-26,0.0,1,0.0
326,Konaté,2025-05-27,0.0,3,0.0
327,Luis Díaz,2024-08-17,0.04629999999999999,6,0.5
327,Luis Díaz,2024-08-18,0.27884000000000003,5,0.2
327,Luis Díaz,2024-08-19,0.4588,1,0.0
327,Luis Díaz,2024-08-25,0.31886,15,0.06666666666666667
327,Luis Díaz,2024-08-26,0.143625,8,0.125
327,Luis Díaz,2024-08-27,-0.2842,3,0.6666666666666666
327,Luis Díaz,2024-09-01,0.41292307692307695,13,0.15384615384615385
327,Luis Díaz,2024-09-02,-0.0105,12,0.5
327,Luis Díaz,2024-09-03,0.5274599999999999,5,0.0
327,Luis Díaz,2024-09-14,0.4381166666666667,6,0.16666666666666666
327,Luis Díaz,2024-09-15,-0.2202,2,0.5
327,Luis Díaz,2024-09-16,0.6696,1,0.0
327,Luis Díaz,2024-09-21,0.38563157894736844,19,0.10526315789473684
327,Luis Díaz,2024-09-22,0.3562285714285714,7,0.14285714285714285
327,Luis Díaz,2024-09-23,-0.10585,2,0.5
327,Luis Díaz,2024-09-28,0.018142857142857145,7,0.2857142857142857
327,Luis Díaz,2024-09-29,-0.09866666666666667,3,0.3333333333333333
327,Luis Díaz,2024-09-30,0.6249,1,0.0
327,Luis Díaz,2024-10-05,0.15728333333333333,6,0.16666666666666666
327,Luis Díaz,2024-10-06,-0.299875,4,0.75
327,Luis Díaz,2024-10-07,-0.7906,1,1.0
327,Luis Díaz,2024-10-20,-0.1357818181818182,11,0.45454545454545453
327,Luis Díaz,2024-10-21,0.11504999999999999,2,0.5
327,Luis Díaz,2024-10-22,0.006580000000000008,5,0.4
327,Luis Díaz,2024-10-27,0.024011111111111108,9,0.2222222222222222
327,Luis Díaz,2024-10-28,-0.08808,5,0.2
327,Luis Díaz,2024-10-29,0.4294,2,0.0
327,Luis Díaz,2024-11-02,0.15254285714285715,7,0.14285714285714285
327,Luis Díaz,2024-11-03,-0.366,4,0.5
327,Luis Díaz,2024-11-04,0.20532,5,0.2
327,Luis Díaz,2024-11-09,-0.05135,2,0.5
327,Luis Díaz,2024-11-10,-0.31845,2,0.5
327,Luis Díaz,2024-11-11,0.07853333333333333,6,0.3333333333333333
327,Luis Díaz,2024-11-24,-0.13374999999999998,8,0.375
327,Luis Díaz,2024-11-25,-0.209975,4,0.25
327,Luis Díaz,2024-11-26,-0.049150000000000006,6,0.3333333333333333
327,Luis Díaz,2024-12-01,0.15699166666666667,12,0.3333333333333333
327,Luis Díaz,2024-12-02,0.26796000000000003,5,0.2
327,Luis Díaz,2024-12-03,0.2036,5,0.2
327,Luis Díaz,2024-12-04,-0.05552,5,0.4
327,Luis Díaz,2024-12-05,0.10606666666666666,3,0.0
327,Luis Díaz,2024-12-06,0.3143666666666667,3,0.0
327,Luis Díaz,2024-12-14,-0.2539888888888889,9,0.5555555555555556
327,Luis Díaz,2024-12-15,0.3248,4,0.0
327,Luis Díaz,2024-12-16,0.0,1,0.0
327,Luis Díaz,2024-12-22,0.3249238095238095,21,0.14285714285714285
327,Luis Díaz,2024-12-23,0.25899999999999995,3,0.0
327,Luis Díaz,2024-12-24,0.3458666666666667,6,0.0
327,Luis Díaz,2024-12-28,0.0,1,0.0
327,Luis Díaz,2024-12-29,0.26253333333333334,6,0.3333333333333333
327,Luis Díaz,2024-12-30,0.07655555555555554,9,0.4444444444444444
327,Luis Díaz,2024-12-31,0.0,3,0.3333333333333333
327,Luis Díaz,2025-01-05,0.02602727272727273,11,0.36363636363636365
327,Luis Díaz,2025-01-06,0.215475,4,0.0
327,Luis Díaz,2025-01-07,0.0,3,0.0
327,Luis Díaz,2025-01-14,0.30595,6,0.0
327,Luis Díaz,2025-01-15,0.0,4,0.0
327,Luis Díaz,2025-01-16,0.13946666666666666,3,0.3333333333333333
327,Luis Díaz,2025-01-18,0.37877272727272726,11,0.09090909090909091
327,Luis Díaz,2025-01-19,0.5096666666666666,3,0.0
327,Luis Díaz,2025-01-20,-0.44665,2,1.0
327,Luis Díaz,2025-01-25,-0.030550000000000008,4,0.25
327,Luis Díaz,2025-01-26,0.33525,2,0.0
327,Luis Díaz,2025-01-27,0.488875,4,0.0
327,Luis Díaz,2025-02-01,-0.11763333333333333,9,0.5555555555555556
327,Luis Díaz,2025-02-02,0.1719125,8,0.125
327,Luis Díaz,2025-02-03,-0.14242,5,0.6
327,Luis Díaz,2025-02-16,0.2343344827586207,29,0.1724137931034483
327,Luis Díaz,2025-02-17,0.3020285714285714,7,0.2857142857142857
327,Luis Díaz,2025-02-18,0.31725,6,0.0
327,Luis Díaz,2025-02-23,0.07183333333333332,3,0.3333333333333333
327,Luis Díaz,2025-02-24,0.14049999999999999,3,0.0
327,Luis Díaz,2025-02-25,0.6249,1,0.0
327,Luis Díaz,2025-02-26,0.05474615384615385,13,0.5384615384615384
327,Luis Díaz,2025-02-27,0.11256666666666666,6,0.3333333333333333
327,Luis Díaz,2025-02-28,0.12064,5,0.2
327,Luis Díaz,2025-03-08,0.2897666666666667,9,0.2222222222222222
327,Luis Díaz,2025-03-09,0.39817142857142857,7,0.14285714285714285
327,Luis Díaz,2025-03-10,0.0,1,0.0
327,Luis Díaz,2025-04-02,0.5089857142857143,7,0.0
327,Luis Díaz,2025-04-03,0.006540000000000004,5,0.6
327,Luis Díaz,2025-04-04,0.6064,2,0.0
327,Luis Díaz,2025-04-06,0.296575,8,0.125
327,Luis Díaz,2025-04-07,0.36868,5,0.4
327,Luis Díaz,2025-04-08,0.3693666666666667,3,0.3333333333333333
327,Luis Díaz,2025-04-13,0.40157999999999994,10,0.1
327,Luis Díaz,2025-04-14,0.20248333333333335,6,0.16666666666666666
327,Luis Díaz,2025-04-20,0.031375,4,0.25
327,Luis Díaz,2025-04-21,0.0,1,0.0
327,Luis Díaz,2025-04-22,0.5232,2,0.0
327,Luis Díaz,2025-04-27,0.31625714285714285,7,0.14285714285714285
327,Luis Díaz,2025-04-28,0.7565,4,0.0
327,Luis Díaz,2025-04-29,0.2471,4,0.25
327,Luis Díaz,2025-05-11,0.23611,10,0.2
327,Luis Díaz,2025-05-12,-0.009450000000000014,2,0.5
327,Luis Díaz,2025-05-19,-0.08750000000000001,6,0.3333333333333333
327,Luis Díaz,2025-05-20,-0.16775714285714288,7,0.42857142857142855
327,Luis Díaz,2025-05-21,0.3488,3,0.0
327,Luis Díaz,2025-05-25,0.29169999999999996,8,0.125
327,Luis Díaz,2025-05-26,-0.2977666666666667,3,0.6666666666666666
327,Luis Díaz,2025-05-27,-0.19334999999999997,2,0.5
328,M.Salah,2024-08-17,0.32142666666666664,15,0.26666666666666666
328,M.Salah,2024-08-18,0.3260571428571429,7,0.14285714285714285
328,M.Salah,2024-08-19,0.22213333333333332,3,0.6666666666666666
328,M.Salah,2024-08-25,0.1661421052631579,19,0.2631578947368421
328,M.Salah,2024-08-26,0.24878333333333333,6,0.3333333333333333
328,M.Salah,2024-08-27,-0.11286666666666666,6,0.8333333333333334
328,M.Salah,2024-09-01,0.2293625,24,0.20833333333333334
328,M.Salah,2024-09-02,0.36868,5,0.2
328,M.Salah,2024-09-03,0.20107999999999998,5,0.4
328,M.Salah,2024-09-14,0.10963333333333332,12,0.25
328,M.Salah,2024-09-15,0.0899,4,0.25
328,M.Salah,2024-09-16,0.6696,1,0.0
328,M.Salah,2024-09-21,0.3136875,16,0.125
328,M.Salah,2024-09-22,0.047,5,0.4
328,M.Salah,2024-09-23,0.4267666666666667,3,0.0
328,M.Salah,2024-09-28,0.3177153846153846,13,0.07692307692307693
328,M.Salah,2024-09-29,0.15691666666666668,6,0.3333333333333333
328,M.Salah,2024-09-30,0.5527,3,0.0
328,M.Salah,2024-10-05,-0.135,11,0.36363636363636365
328,M.Salah,2024-10-06,-0.20413333333333336,3,0.3333333333333333
328,M.Salah,2024-10-07,0.21075,2,0.0
328,M.Salah,2024-10-20,0.3222263157894737,19,0.21052631578947367
328,M.Salah,2024-10-21,0.41235,6,0.0
328,M.Salah,2024-10-22,0.685975,4,0.0
328,M.Salah,2024-10-27,0.40457333333333334,15,0.2
328,M.Salah,2024-10-28,0.50716,5,0.0
328,M.Salah,2024-10-29,0.21215714285714288,7,0.14285714285714285
328,M.Salah,2024-11-02,0.12368181818181818,11,0.2727272727272727
328,M.Salah,2024-11-03,0.8588,1,0.0
328,M.Salah,2024-11-09,0.25775384615384617,13,0.15384615384615385
328,M.Salah,2024-11-10,0.12178888888888888,9,0.3333333333333333
328,M.Salah,2024-11-11,0.147275,4,0.5
328,M.Salah,2024-11-24,0.1968,14,0.35714285714285715
328,M.Salah,2024-11-25,0.4267666666666667,3,0.0
328,M.Salah,2024-11-26,0.3182,1,0.0
328,M.Salah,2024-12-01,0.3475066666666667,15,0.06666666666666667
328,M.Salah,2024-12-02,0.3592666666666667,12,0.16666666666666666
328,M.Salah,2024-12-03,0.12538,5,0.6
328,M.Salah,2024-12-04,0.4160933333333333,15,0.13333333333333333
328,M.Salah,2024-12-05,0.2348857142857143,7,0.14285714285714285
328,M.Salah,2024-12-06,0.25961666666666666,6,0.16666666666666666
328,M.Salah,2024-12-14,0.11224444444444444,9,0.3333333333333333
328,M.Salah,2024-12-15,-0.0040000000000000036,3,0.3333333333333333
328,M.Salah,2024-12-16,-0.173875,4,0.5
328,M.Salah,2024-12-22,0.3747695652173913,23,0.2608695652173913
328,M.Salah,2024-12-23,0.2762,5,0.2
328,M.Salah,2024-12-24,0.2402375,8,0.25
328,M.Salah,2024-12-26,0.15078333333333332,6,0.16666666666666666
328,M.Salah,2024-12-27,0.0,1,0.0
328,M.Salah,2024-12-28,0.32926666666666665,3,0.0
328,M.Salah,2024-12-29,0.22303125000000001,16,0.25
328,M.Salah,2024-12-30,0.28975454545454543,11,0.18181818181818182
328,M.Salah,2024-12-31,0.2079375,8,0.375
328,M.Salah,2025-01-05,0.26318571428571425,7,0.0
328,M.Salah,2025-01-06,-0.009450000000000014,2,0.5
328,M.Salah,2025-01-07,0.6705,1,0.0
328,M.Salah,2025-01-14,0.025825,8,0.25
328,M.Salah,2025-01-15,-0.3922666666666667,3,1.0
328,M.Salah,2025-01-16,-0.1215,4,0.5
328,M.Salah,2025-01-18,0.08577142857142858,7,0.2857142857142857
328,M.Salah,2025-01-19,0.21075,2,0.0
328,M.Salah,2025-01-25,0.42710000000000004,9,0.2222222222222222
328,M.Salah,2025-01-26,0.0,2,0.5
328,M.Salah,2025-01-27,0.64725,2,0.0
328,M.Salah,2025-02-01,0.2455185185185185,27,0.2222222222222222
328,M.Salah,2025-02-02,0.21452857142857143,7,0.14285714285714285
328,M.Salah,2025-02-03,0.15877142857142856,7,0.42857142857142855
328,M.Salah,2025-02-16,0.18620645161290322,31,0.22580645161290322
328,M.Salah,2025-02-17,0.43693125,16,0.125
328,M.Salah,2025-02-18,0.2808,7,0.2857142857142857
328,M.Salah,2025-02-23,0.29515294117647056,17,0.11764705882352941
328,M.Salah,2025-02-24,0.36165833333333336,12,0.25
328,M.Salah,2025-02-25,0.44733333333333336,3,0.3333333333333333
328,M.Salah,2025-02-26,0.28302,10,0.1
328,M.Salah,2025-02-28,0.25133333333333335,3,0.0
328,M.Salah,2025-03-08,0.31299285714285713,14,0.14285714285714285
328,M.Salah,2025-03-09,0.4588,1,0.0
328,M.Salah,2025-03-10,0.4009714285714286,7,0.0
328,M.Salah,2025-04-02,0.12014285714285713,7,0.2857142857142857
328,M.Salah,2025-04-03,-0.19221666666666667,6,0.5
328,M.Salah,2025-04-04,0.72235,2,0.0
328,M.Salah,2025-04-06,-0.1764888888888889,9,0.5555555555555556
328,M.Salah,2025-04-07,0.1431,3,0.3333333333333333
328,M.Salah,2025-04-08,-0.43579999999999997,3,0.6666666666666666
328,M.Salah,2025-04-13,0.29352727272727275,11,0.18181818181818182
328,M.Salah,2025-04-14,0.3515,5,0.4
328,M.Salah,2025-04-15,0.0,1,0.0
328,M.Salah,2025-04-20,0.009414285714285717,7,0.2857142857142857
328,M.Salah,2025-04-21,-0.32331666666666664,6,0.8333333333333334
328,M.Salah,2025-04-22,0.64015,2,0.0
328,M.Salah,2025-04-27,-0.0984,6,0.3333333333333333
328,M.Salah,2025-04-28,0.34737142857142855,7,0.0
328,M.Salah,2025-04-29,0.0,2,0.0
328,M.Salah,2025-05-04,-0.0094,6,0.3333333333333333
328,M.Salah,2025-05-05,0.6249,1,0.0
328,M.Salah,2025-05-06,0.17406666666666668,3,0.3333333333333333
328,M.Salah,2025-05-11,-0.06151666666666666,6,0.3333333333333333
328,M.Salah,2025-05-12,-0.44508333333333333,6,0.6666666666666666
328,M.Salah,2025-05-13,-0.359625,4,0.5
328,M.Salah,2025-05-19,-0.0769888888888889,9,0.3333333333333333
328,M.Salah,2025-05-20,-0.2861,4,0.5
328,M.Salah,2025-05-21,0.0,2,0.0
328,M.Salah,2025-05-25,0.25449285714285713,14,0.14285714285714285
328,M.Salah,2025-05-26,0.0,3,0.0
328,M.Salah,2025-05-27,0.632475,4,0.0
329,Mac Allister,2024-08-17,0.17556666666666665,9,0.1111111111111111
329,Mac Allister,2024-08-18,-0.33886666666666665,3,0.6666666666666666
329,Mac Allister,2024-08-19,0.37417500000000004,4,0.0
329,Mac Allister,2024-08-25,0.23318571428571427,7,0.0
329,Mac Allister,2024-08-27,-0.4649,2,1.0
329,Mac Allister,2024-09-01,0.2079125,8,0.125
329,Mac Allister,2024-09-02,0.33525,2,0.0
329,Mac Allister,2024-09-14,0.042766666666666675,6,0.16666666666666666
329,Mac Allister,2024-09-15,0.0,2,0.0
329,Mac Allister,2024-09-16,0.31245,2,0.0
329,Mac Allister,2024-09-21,-0.07667500000000001,12,0.4166666666666667
329,Mac Allister,2024-09-22,0.14049999999999999,3,0.0
329,Mac Allister,2024-09-23,0.0,1,0.0
329,Mac Allister,2024-09-28,0.03273999999999999,5,0.4
329,Mac Allister,2024-09-29,-0.12775,4,0.5
329,Mac Allister,2024-09-30,-0.41033333333333327,3,0.6666666666666666
329,Mac Allister,2024-10-05,-0.1528,9,0.5555555555555556
329,Mac Allister,2024-10-06,-0.025675000000000003,4,0.5
329,Mac Allister,2024-10-07,-0.7384,2,1.0
329,Mac Allister,2024-10-20,-0.33633636363636366,11,0.5454545454545454
329,Mac Allister,2024-10-21,-0.28725,6,0.5
329,Mac Allister,2024-10-27,-0.039400000000000025,7,0.2857142857142857
329,Mac Allister,2024-10-28,-0.127,2,0.5
329,Mac Allister,2024-11-02,0.1751,8,0.25
329,Mac Allister,2024-11-03,0.0,2,0.0
329,Mac Allister,2024-11-09,0.4762,7,0.0
329,Mac Allister,2024-11-10,0.04410000000000001,6,0.3333333333333333
329,Mac Allister,2024-11-11,-0.08589999999999999,4,0.5
329,Mac Allister,2024-11-24,-0.06900769230769231,13,0.38461538461538464
329,Mac Allister,2024-11-25,-0.316875,4,0.5
329,Mac Allister,2024-11-26,0.3182,1,0.0
329,Mac Allister,2024-12-01,0.151425,4,0.5
329,Mac Allister,2024-12-02,0.2083,3,0.0
329,Mac Allister,2024-12-03,-0.41355,2,0.5
329,Mac Allister,2024-12-04,0.19946666666666665,3,0.3333333333333333
329,Mac Allister,2024-12-05,-0.16759999999999997,6,0.3333333333333333
329,Mac Allister,2024-12-06,-0.5604199999999999,5,0.8
329,Mac Allister,2024-12-22,0.22942,5,0.2
329,Mac Allister,2024-12-23,0.5057625,8,0.125
329,Mac Allister,2024-12-24,0.4294,2,0.0
329,Mac Allister,2024-12-26,0.24348333333333336,6,0.3333333333333333
329,Mac Allister,2024-12-27,-0.06846666666666666,3,0.6666666666666666
329,Mac Allister,2024-12-28,0.18926666666666667,3,0.3333333333333333
329,Mac Allister,2024-12-29,0.38964,5,0.2
329,Mac Allister,2024-12-30,-0.13999999999999999,6,0.6666666666666666
329,Mac Allister,2024-12-31,0.6551,4,0.0
329,Mac Allister,2025-01-05,0.3654764705882353,17,0.17647058823529413
329,Mac Allister,2025-01-06,0.4469833333333333,6,0.16666666666666666
329,Mac Allister,2025-01-07,0.32195714285714283,7,0.2857142857142857
329,Mac Allister,2025-01-14,0.08423,10,0.2
329,Mac Allister,2025-01-15,0.18796,5,0.2
329,Mac Allister,2025-01-16,0.022733333333333345,3,0.3333333333333333
329,Mac Allister,2025-01-18,0.08816666666666667,6,0.16666666666666666
329,Mac Allister,2025-01-19,0.3488,3,0.0
329,Mac Allister,2025-01-20,-0.6860333333333334,3,1.0
329,Mac Allister,2025-01-25,0.1207,7,0.2857142857142857
329,Mac Allister,2025-01-26,0.146475,4,0.0
329,Mac Allister,2025-01-27,0.754,1,0.0
329,Mac Allister,2025-02-01,0.22719375,16,0.1875
329,Mac Allister,2025-02-02,0.18538888888888888,9,0.1111111111111111
329,Mac Allister,2025-02-03,0.21674,5,0.2
329,Mac Allister,2025-02-16,-0.29592142857142856,14,0.5714285714285714
329,Mac Allister,2025-02-17,-0.1945,8,0.5
329,Mac Allister,2025-02-18,-0.2672,3,0.3333333333333333
329,Mac Allister,2025-02-23,-0.08516666666666667,6,0.3333333333333333
329,Mac Allister,2025-02-24,0.3182,1,0.0
329,Mac Allister,2025-02-25,0.4404,1,0.0
329,Mac Allister,2025-02-26,0.2477375,8,0.25
329,Mac Allister,2025-02-27,0.32926666666666665,3,0.0
329,Mac Allister,2025-02-28,0.44508333333333333,6,0.0
329,Mac Allister,2025-03-08,-0.2577875,8,0.625
329,Mac Allister,2025-03-09,0.10644999999999999,6,0.3333333333333333
329,Mac Allister,2025-03-10,-0.4404,1,1.0
329,Mac Allister,2025-04-02,0.4359,2,0.0
329,Mac Allister,2025-04-03,0.242375,4,0.25
329,Mac Allister,2025-04-04,0.2294,2,0.0
329,Mac Allister,2025-04-06,0.4734333333333334,6,0.0
329,Mac Allister,2025-04-07,0.28626666666666667,3,0.0
329,Mac Allister,2025-04-08,0.6696,1,0.0
329,Mac Allister,2025-04-13,0.10772222222222222,9,0.2222222222222222
329,Mac Allister,2025-04-14,0.8718,1,0.0
329,Mac Allister,2025-04-15,-0.5433,2,1.0
329,Mac Allister,2025-04-20,-0.007266666666666656,9,0.2222222222222222
329,Mac Allister,2025-04-21,-0.410375,4,0.5
329,Mac Allister,2025-04-22,0.0,2,0.0
329,Mac Allister,2025-04-27,0.17479499999999998,20,0.3
329,Mac Allister,2025-04-28,0.1265,11,0.45454545454545453
329,Mac Allister,2025-04-29,0.18288,5,0.2
329,Mac Allister,2025-05-04,0.07669999999999999,4,0.5
329,Mac Allister,2025-05-05,0.24656666666666668,3,0.0
329,Mac Allister,2025-05-11,0.018755555555555543,9,0.3333333333333333
329,Mac Allister,2025-05-12,0.11256666666666666,3,0.3333333333333333
329,Mac Allister,2025-05-13,-0.148,2,0.5
329,Mac Allister,2025-05-21,0.0,1,0.0
330,McConnell,2024-09-29,0.0,1,0.0
330,McConnell,2024-10-20,0.4588,1,0.0
330,McConnell,2024-10-21,-0.296,1,1.0
330,McConnell,2024-11-24,-0.4404,1,1.0
330,McConnell,2024-11-25,0.0,1,0.0
330,McConnell,2025-01-06,0.2294,2,0.0
330,McConnell,2025-01-18,0.0,1,0.0
330,McConnell,2025-01-19,0.4215,1,0.0
330,McConnell,2025-02-16,0.0,1,0.0
330,McConnell,2025-02-26,0.0,1,0.0
330,McConnell,2025-04-29,0.0,1,0.0
330,McConnell,2025-05-25,0.6705,1,0.0
330,McConnell,2025-05-27,0.4404,1,0.0
331,Morton,2024-08-17,0.0,1,0.0
331,Morton,2024-11-10,0.4215,2,0.0
331,Morton,2024-12-24,0.3182,1,0.0
331,Morton,2024-12-26,0.2202,2,0.0
331,Morton,2025-01-05,0.3182,1,0.0
331,Morton,2025-01-06,0.0,1,0.0
331,Morton,2025-02-17,0.4215,1,0.0
331,Morton,2025-02-28,0.31245,2,0.0
331,Morton,2025-04-20,0.0,1,0.0
332,N.Phillips,2024-09-22,0.4588,1,0.0
332,N.Phillips,2024-09-23,0.5859,1,0.0
332,N.Phillips,2024-09-28,0.0,1,0.0
332,N.Phillips,2024-12-01,-0.1027,1,1.0
332,N.Phillips,2024-12-02,0.0,1,0.0
332,N.Phillips,2024-12-26,0.0,1,0.0
332,N.Phillips,2025-01-20,0.0,1,0.0
332,N.Phillips,2025-01-25,0.0,1,0.0
332,N.Phillips,2025-01-26,0.4404,1,0.0
332,N.Phillips,2025-02-27,-0.1027,1,1.0
332,N.Phillips,2025-04-13,0.0,1,0.0
332,N.Phillips,2025-05-21,0.0,1,0.0
333,Quansah,2024-08-17,0.11099999999999999,7,0.0
333,Quansah,2024-08-18,0.4404,1,0.0
333,Quansah,2024-08-19,-0.8399,1,1.0
333,Quansah,2024-09-02,0.6249,1,0.0
333,Quansah,2024-10-05,0.0,1,0.0
333,Quansah,2024-10-06,0.6249,1,0.0
333,Quansah,2024-10-20,0.6249,1,0.0
333,Quansah,2024-10-21,-0.8399,1,1.0
333,Quansah,2024-10-27,0.0,1,0.0
333,Quansah,2024-12-01,0.12566666666666668,6,0.0
333,Quansah,2024-12-02,0.0411,4,0.5
333,Quansah,2024-12-03,0.2294,2,0.0
333,Quansah,2024-12-04,-0.2734083333333333,12,0.5833333333333334
333,Quansah,2024-12-05,-0.16230000000000003,3,0.6666666666666666
333,Quansah,2024-12-06,-0.6124,1,1.0
333,Quansah,2024-12-14,0.23361666666666667,6,0.3333333333333333
333,Quansah,2024-12-15,-0.2202,4,0.5
333,Quansah,2024-12-16,0.3918333333333333,3,0.0
333,Quansah,2024-12-29,0.008722222222222223,9,0.3333333333333333
333,Quansah,2024-12-30,-0.3133166666666667,6,0.5
333,Quansah,2024-12-31,0.2202,2,0.0
333,Quansah,2025-01-05,0.6249,1,0.0
333,Quansah,2025-01-20,0.0,1,0.0
333,Quansah,2025-02-02,0.6249,1,0.0
333,Quansah,2025-02-16,0.06474999999999999,12,0.08333333333333333
333,Quansah,2025-02-17,-0.15655000000000002,8,0.625
333,Quansah,2025-02-18,-0.4404,1,1.0
333,Quansah,2025-02-23,0.4361,6,0.16666666666666666
333,Quansah,2025-02-24,-0.099675,4,0.5
333,Quansah,2025-02-25,-0.296,1,1.0
333,Quansah,2025-02-26,-0.10981428571428571,7,0.5714285714285714
333,Quansah,2025-02-27,-0.28935,4,0.75
333,Quansah,2025-02-28,-0.36844,5,0.6
333,Quansah,2025-03-08,0.16783749999999997,8,0.25
333,Quansah,2025-03-09,-0.30993333333333334,3,0.6666666666666666
333,Quansah,2025-03-10,0.6053999999999999,2,0.0
333,Quansah,2025-04-06,0.4404,1,0.0
333,Quansah,2025-04-07,0.0,1,0.0
333,Quansah,2025-04-13,-0.06636,5,0.2
333,Quansah,2025-04-14,0.09616666666666666,3,0.3333333333333333
333,Quansah,2025-04-15,0.0407,4,0.25
333,Quansah,2025-05-04,-0.34251,10,0.6
333,Quansah,2025-05-05,-0.04294999999999999,2,0.5
333,Quansah,2025-05-06,-0.06739999999999997,3,0.3333333333333333
333,Quansah,2025-05-13,0.4215,1,0.0
333,Quansah,2025-05-19,0.41448,5,0.0
333,Quansah,2025-05-20,-0.3509333333333333,3,0.6666666666666666
333,Quansah,2025-05-21,0.0,2,0.0
334,R.Williams,2024-09-14,0.0,1,0.0
334,R.Williams,2024-09-28,0.5859,1,0.0
334,R.Williams,2024-10-05,0.0,1,0.0
334,R.Williams,2024-11-02,0.0,1,0.0
334,R.Williams,2024-11-10,-0.148,2,0.5
334,R.Williams,2024-11-24,0.6249,1,0.0
334,R.Williams,2024-12-04,-0.1027,1,1.0
334,R.Williams,2024-12-23,0.4404,1,0.0
334,R.Williams,2025-01-18,0.0,1,0.0
334,R.Williams,2025-01-20,0.4588,1,0.0
334,R.Williams,2025-01-25,0.6249,1,0.0
334,R.Williams,2025-01-26,0.6249,1,0.0
334,R.Williams,2025-02-03,0.3182,1,0.0
334,R.Williams,2025-02-16,0.0,1,0.0
334,R.Williams,2025-03-08,0.3182,1,0.0
334,R.Williams,2025-05-04,-0.1027,1,1.0
335,Robertson,2024-08-17,0.22029166666666666,12,0.25
335,Robertson,2024-08-18,0.346025,4,0.25
335,Robertson,2024-08-19,0.4404,1,0.0
335,Robertson,2024-08-25,0.006512500000000006,8,0.5
335,Robertson,2024-08-26,0.24159999999999998,2,0.5
335,Robertson,2024-08-27,0.754,1,0.0
335,Robertson,2024-09-01,0.14786666666666667,9,0.3333333333333333
335,Robertson,2024-09-02,0.33525,2,0.0
335,Robertson,2024-09-03,0.16803333333333334,6,0.16666666666666666
335,Robertson,2024-09-14,0.0615,3,0.3333333333333333
335,Robertson,2024-09-15,-0.1667857142857143,7,0.5714285714285714
335,Robertson,2024-09-16,0.0,2,0.0
335,Robertson,2024-09-21,0.47095,6,0.0
335,Robertson,2024-09-22,0.37805,2,0.5
335,Robertson,2024-09-23,0.6588,2,0.0
335,Robertson,2024-09-28,0.2989833333333333,6,0.16666666666666666
335,Robertson,2024-09-29,0.60105,4,0.0
335,Robertson,2024-09-30,0.4588,1,0.0
335,Robertson,2024-10-05,0.06115,12,0.25
335,Robertson,2024-10-06,0.2563666666666667,3,0.3333333333333333
335,Robertson,2024-10-07,0.0,1,0.0
335,Robertson,2024-10-20,-0.0909857142857143,7,0.14285714285714285
335,Robertson,2024-10-21,0.56465,2,0.0
335,Robertson,2024-10-27,-0.015199999999999991,3,0.3333333333333333
335,Robertson,2024-10-28,0.110925,4,0.25
335,Robertson,2024-10-29,-0.27155,2,1.0
335,Robertson,2024-11-09,0.4056125,8,0.125
335,Robertson,2024-11-10,0.1468,3,0.0
335,Robertson,2024-11-11,0.25133333333333335,3,0.0
335,Robertson,2024-11-24,-0.028800000000000003,5,0.4
335,Robertson,2024-11-25,-0.09866666666666667,3,0.3333333333333333
335,Robertson,2024-11-26,-0.296,1,1.0
335,Robertson,2024-12-01,0.1816333333333333,12,0.4166666666666667
335,Robertson,2024-12-02,-0.06029999999999999,4,0.25
335,Robertson,2024-12-03,0.006133333333333324,3,0.3333333333333333
335,Robertson,2024-12-04,0.047562499999999994,8,0.25
335,Robertson,2024-12-05,-0.16884285714285713,7,0.42857142857142855
335,Robertson,2024-12-06,0.12969999999999998,2,0.5
335,Robertson,2024-12-14,-0.23550625,16,0.5
335,Robertson,2024-12-15,-0.376425,4,0.75
335,Robertson,2024-12-16,-0.31096666666666667,3,0.6666666666666666
335,Robertson,2024-12-22,-0.2710571428571429,7,0.42857142857142855
335,Robertson,2024-12-23,-0.31845,2,0.5
335,Robertson,2024-12-24,0.4359,2,0.0
335,Robertson,2024-12-26,-0.0006749999999999997,12,0.25
335,Robertson,2024-12-27,0.0,3,0.0
335,Robertson,2024-12-28,-0.8016,1,1.0
335,Robertson,2024-12-29,0.30592,5,0.2
335,Robertson,2024-12-30,-0.05135,2,0.5
335,Robertson,2024-12-31,0.2873,3,0.0
335,Robertson,2025-01-05,-0.01886250000000001,8,0.375
335,Robertson,2025-01-06,0.5859,1,0.0
335,Robertson,2025-01-07,-0.05135,2,0.5
335,Robertson,2025-01-14,0.041414285714285716,7,0.2857142857142857
335,Robertson,2025-01-15,0.20928,5,0.0
335,Robertson,2025-01-16,0.08893999999999999,5,0.4
335,Robertson,2025-01-18,0.0721090909090909,11,0.2727272727272727
335,Robertson,2025-01-19,0.2906,3,0.0
335,Robertson,2025-01-25,0.18108,5,0.4
335,Robertson,2025-01-26,0.0,2,0.0
335,Robertson,2025-01-27,0.282125,4,0.25
335,Robertson,2025-02-01,0.100625,20,0.25
335,Robertson,2025-02-02,0.1997375,8,0.25
335,Robertson,2025-02-03,-0.16230000000000003,3,0.6666666666666666
335,Robertson,2025-02-16,-0.21708333333333332,12,0.4166666666666667
335,Robertson,2025-02-17,0.16132857142857143,7,0.14285714285714285
335,Robertson,2025-02-18,0.11869999999999999,3,0.3333333333333333
335,Robertson,2025-02-23,0.09482499999999999,8,0.125
335,Robertson,2025-02-24,0.10702499999999998,8,0.5
335,Robertson,2025-02-25,0.39949999999999997,3,0.0
335,Robertson,2025-03-08,-0.059300000000000005,9,0.2222222222222222
335,Robertson,2025-03-09,0.35092,5,0.2
335,Robertson,2025-03-10,-0.27996666666666664,3,0.3333333333333333
335,Robertson,2025-04-02,0.3479909090909091,11,0.09090909090909091
335,Robertson,2025-04-03,0.35684285714285713,7,0.2857142857142857
335,Robertson,2025-04-04,0.36235,6,0.0
335,Robertson,2025-04-06,0.11252857142857144,7,0.14285714285714285
335,Robertson,2025-04-07,-0.00630000000000001,3,0.3333333333333333
335,Robertson,2025-04-08,-0.15935000000000002,2,0.5
335,Robertson,2025-04-13,-0.1617714285714286,14,0.35714285714285715
335,Robertson,2025-04-14,-0.32064,5,0.4
335,Robertson,2025-04-15,0.2235,3,0.0
335,Robertson,2025-04-27,-0.38505,10,0.7
335,Robertson,2025-04-28,-0.3866,2,1.0
335,Robertson,2025-04-29,-0.4404,1,1.0
335,Robertson,2025-05-05,-0.1027,1,1.0
335,Robertson,2025-05-11,0.3991,12,0.16666666666666666
335,Robertson,2025-05-12,0.035375000000000004,4,0.25
335,Robertson,2025-05-25,-0.09828749999999999,8,0.5
335,Robertson,2025-05-26,-0.09207499999999999,4,0.25
335,Robertson,2025-05-27,-0.42250000000000004,3,0.6666666666666666
336,Szoboszlai,2024-08-17,0.23514,10,0.2
336,Szoboszlai,2024-08-18,0.3813666666666667,6,0.3333333333333333
336,Szoboszlai,2024-08-19,0.25203333333333333,3,0.3333333333333333
336,Szoboszlai,2024-08-25,-0.0511,9,0.4444444444444444
336,Szoboszlai,2024-08-26,-0.042575,4,0.25
336,Szoboszlai,2024-08-27,-0.07180000000000002,3,0.3333333333333333
336,Szoboszlai,2024-09-01,0.13266666666666665,9,0.3333333333333333
336,Szoboszlai,2024-09-02,0.3603,9,0.3333333333333333
336,Szoboszlai,2024-09-03,0.21002,5,0.4
336,Szoboszlai,2024-09-14,0.03591666666666666,6,0.16666666666666666
336,Szoboszlai,2024-09-15,-0.40252,5,0.8
336,Szoboszlai,2024-09-21,0.14206999999999997,10,0.2
336,Szoboszlai,2024-09-22,0.023683333333333334,6,0.3333333333333333
336,Szoboszlai,2024-09-23,0.4404,1,0.0
336,Szoboszlai,2024-09-28,0.017099999999999994,12,0.25
336,Szoboszlai,2024-09-29,0.0,2,0.0
336,Szoboszlai,2024-09-30,-0.33525,2,0.5
336,Szoboszlai,2024-10-05,0.20299999999999999,6,0.16666666666666666
336,Szoboszlai,2024-10-06,0.11831666666666668,6,0.3333333333333333
336,Szoboszlai,2024-10-07,0.29295,2,0.0
336,Szoboszlai,2024-10-20,0.2805714285714286,7,0.0
336,Szoboszlai,2024-10-21,0.4496,2,0.0
336,Szoboszlai,2024-10-22,-0.05311666666666667,6,0.3333333333333333
336,Szoboszlai,2024-10-27,0.08221250000000001,8,0.375
336,Szoboszlai,2024-10-28,0.13391999999999998,5,0.0
336,Szoboszlai,2024-10-29,0.0,1,0.0
336,Szoboszlai,2024-11-02,0.0006636363636363562,11,0.18181818181818182
336,Szoboszlai,2024-11-03,0.0,1,0.0
336,Szoboszlai,2024-11-04,-0.006000000000000005,2,0.5
336,Szoboszlai,2024-11-09,-0.24687499999999998,8,0.5
336,Szoboszlai,2024-11-10,-0.1352,3,0.3333333333333333
336,Szoboszlai,2024-11-11,-0.8271,1,1.0
336,Szoboszlai,2024-11-24,0.37446315789473683,19,0.05263157894736842
336,Szoboszlai,2024-11-25,0.28003636363636364,11,0.36363636363636365
336,Szoboszlai,2024-11-26,0.53972,5,0.2
336,Szoboszlai,2024-12-01,0.0817,6,0.3333333333333333
336,Szoboszlai,2024-12-02,-0.3062,2,0.5
336,Szoboszlai,2024-12-03,0.1591,2,0.0
336,Szoboszlai,2024-12-04,0.14986666666666668,6,0.0
336,Szoboszlai,2024-12-05,-0.17615,2,0.5
336,Szoboszlai,2024-12-06,0.0904375,8,0.25
336,Szoboszlai,2024-12-14,-0.04018,10,0.3
336,Szoboszlai,2024-12-15,0.004166666666666652,3,0.3333333333333333
336,Szoboszlai,2024-12-16,0.6696,1,0.0
336,Szoboszlai,2024-12-22,0.48774999999999996,12,0.08333333333333333
336,Szoboszlai,2024-12-23,0.5319857142857143,7,0.2857142857142857
336,Szoboszlai,2024-12-26,-0.23951428571428574,14,0.5714285714285714
336,Szoboszlai,2024-12-27,-0.3144,6,0.6666666666666666
336,Szoboszlai,2024-12-28,-0.25444999999999995,2,0.5
336,Szoboszlai,2024-12-31,0.0,1,0.0
336,Szoboszlai,2025-01-14,0.03882857142857143,7,0.2857142857142857
336,Szoboszlai,2025-01-15,-0.2757,3,0.3333333333333333
336,Szoboszlai,2025-01-16,-0.09088,5,0.6
336,Szoboszlai,2025-01-18,-0.09337499999999999,12,0.4166666666666667
336,Szoboszlai,2025-01-20,-0.1101,4,0.25
336,Szoboszlai,2025-01-25,0.17494285714285712,14,0.2857142857142857
336,Szoboszlai,2025-01-26,0.30855,4,0.25
336,Szoboszlai,2025-01-27,0.8129,2,0.0
336,Szoboszlai,2025-02-01,0.16038947368421053,19,0.15789473684210525
336,Szoboszlai,2025-02-02,0.28022,5,0.2
336,Szoboszlai,2025-02-03,-0.29951999999999995,5,0.6
336,Szoboszlai,2025-02-16,-0.023133333333333336,12,0.16666666666666666
336,Szoboszlai,2025-02-17,0.012229999999999996,10,0.2
336,Szoboszlai,2025-02-18,-0.12276666666666665,3,0.3333333333333333
336,Szoboszlai,2025-02-23,0.12920625,16,0.375
336,Szoboszlai,2025-02-24,-0.07382,5,0.4
336,Szoboszlai,2025-02-25,0.4349142857142857,7,0.2857142857142857
336,Szoboszlai,2025-02-26,0.17618888888888887,9,0.1111111111111111
336,Szoboszlai,2025-02-27,0.4698,4,0.0
336,Szoboszlai,2025-02-28,0.1332,6,0.3333333333333333
336,Szoboszlai,2025-03-08,-0.0869375,8,0.375
336,Szoboszlai,2025-03-09,-0.23801999999999998,5,0.4
336,Szoboszlai,2025-04-02,-0.09613333333333333,6,0.5
336,Szoboszlai,2025-04-03,0.45640000000000003,5,0.0
336,Szoboszlai,2025-04-04,0.41095,4,0.0
336,Szoboszlai,2025-04-06,-0.0457,9,0.3333333333333333
336,Szoboszlai,2025-04-13,-0.21128181818181818,11,0.5454545454545454
336,Szoboszlai,2025-04-14,-0.296,1,1.0
336,Szoboszlai,2025-04-15,-0.42250000000000004,3,0.6666666666666666
336,Szoboszlai,2025-04-20,0.23617142857142856,7,0.0
336,Szoboszlai,2025-04-21,-0.05135,2,0.5
336,Szoboszlai,2025-04-27,0.11967999999999998,5,0.4
336,Szoboszlai,2025-04-28,0.2563666666666667,3,0.3333333333333333
336,Szoboszlai,2025-04-29,0.25203333333333333,3,0.3333333333333333
336,Szoboszlai,2025-05-04,-0.2874,9,0.5555555555555556
336,Szoboszlai,2025-05-05,-0.059199999999999996,5,0.4
336,Szoboszlai,2025-05-06,-0.09806666666666669,3,0.3333333333333333
336,Szoboszlai,2025-05-11,0.28432,5,0.2
336,Szoboszlai,2025-05-12,0.6705,1,0.0
336,Szoboszlai,2025-05-13,-0.4649,2,1.0
336,Szoboszlai,2025-05-19,0.2821888888888889,9,0.1111111111111111
336,Szoboszlai,2025-05-20,0.4215,1,0.0
336,Szoboszlai,2025-05-21,-0.41033333333333327,3,0.6666666666666666
336,Szoboszlai,2025-05-25,0.049999999999999996,8,0.25
336,Szoboszlai,2025-05-26,-0.07355000000000002,4,0.25
336,Szoboszlai,2025-05-27,0.16106666666666666,3,0.3333333333333333
337,Tsimikas,2024-08-17,-0.002100000000000003,9,0.2222222222222222
337,Tsimikas,2024-08-18,-0.2202,2,0.5
337,Tsimikas,2024-08-19,0.0,1,0.0
337,Tsimikas,2024-08-25,0.6249,1,0.0
337,Tsimikas,2024-09-01,0.0975625,8,0.5
337,Tsimikas,2024-09-02,0.16858333333333334,6,0.3333333333333333
337,Tsimikas,2024-09-03,-0.3622,3,0.6666666666666666
337,Tsimikas,2024-09-14,0.020583333333333325,6,0.5
337,Tsimikas,2024-09-15,0.173175,4,0.25
337,Tsimikas,2024-09-16,-0.23245,4,0.5
337,Tsimikas,2024-10-05,0.4003333333333333,9,0.0
337,Tsimikas,2024-10-06,0.47353333333333336,6,0.0
337,Tsimikas,2024-10-07,0.377725,4,0.25
337,Tsimikas,2024-10-27,0.03256,5,0.2
337,Tsimikas,2024-10-28,0.2294,2,0.0
337,Tsimikas,2024-10-29,0.06275,2,0.5
337,Tsimikas,2024-11-02,0.28894000000000003,5,0.0
337,Tsimikas,2024-11-03,0.21075,2,0.0
337,Tsimikas,2024-11-04,0.29295,2,0.0
337,Tsimikas,2024-12-15,0.0,1,0.0
337,Tsimikas,2024-12-26,0.006733333333333334,6,0.6666666666666666
337,Tsimikas,2024-12-27,0.146475,4,0.0
337,Tsimikas,2024-12-28,-0.19356666666666666,3,0.6666666666666666
337,Tsimikas,2024-12-29,-0.11724444444444446,9,0.4444444444444444
337,Tsimikas,2024-12-30,0.013471428571428563,7,0.42857142857142855
337,Tsimikas,2024-12-31,-0.3953,2,0.5
337,Tsimikas,2025-01-14,0.3708833333333333,6,0.0
337,Tsimikas,2025-01-15,0.377,2,0.0
337,Tsimikas,2025-01-16,0.6249,1,0.0
337,Tsimikas,2025-01-18,-0.17859999999999998,4,0.5
337,Tsimikas,2025-01-19,-0.09825,2,0.5
337,Tsimikas,2025-01-20,0.6476999999999999,2,0.0
337,Tsimikas,2025-01-26,0.31245,2,0.0
337,Tsimikas,2025-02-01,-0.33705555555555555,9,0.5555555555555556
337,Tsimikas,2025-02-02,-0.46997500000000003,4,0.75
337,Tsimikas,2025-02-03,-0.7487999999999999,2,1.0
337,Tsimikas,2025-02-16,0.754,1,0.0
337,Tsimikas,2025-02-18,0.0,1,0.0
337,Tsimikas,2025-02-23,-0.033636363636363624,11,0.2727272727272727
337,Tsimikas,2025-02-26,0.39951428571428566,7,0.14285714285714285
337,Tsimikas,2025-02-27,0.18839999999999998,5,0.2
337,Tsimikas,2025-02-28,0.2202,2,0.0
337,Tsimikas,2025-03-08,-0.15976666666666667,18,0.4444444444444444
337,Tsimikas,2025-03-09,-0.22411666666666666,6,0.6666666666666666
337,Tsimikas,2025-03-10,0.11219999999999998,3,0.3333333333333333
337,Tsimikas,2025-04-02,0.0,1,0.0
337,Tsimikas,2025-04-06,0.0,1,0.0
337,Tsimikas,2025-04-13,0.170575,8,0.125
337,Tsimikas,2025-04-14,0.06462857142857141,7,0.2857142857142857
337,Tsimikas,2025-04-15,0.3182,1,0.0
337,Tsimikas,2025-04-20,0.48254,5,0.2
337,Tsimikas,2025-04-21,0.5761000000000001,4,0.0
337,Tsimikas,2025-04-22,0.15293333333333334,3,0.0
337,Tsimikas,2025-04-27,-0.8399,1,1.0
337,Tsimikas,2025-05-04,-0.10868,10,0.4
337,Tsimikas,2025-05-05,-0.18596,5,0.4
337,Tsimikas,2025-05-12,0.3182,1,0.0
337,Tsimikas,2025-05-19,-0.14569166666666666,12,0.3333333333333333
337,Tsimikas,2025-05-20,0.39233333333333337,3,0.0
339,Virgil,2024-08-17,0.25606666666666666,9,0.2222222222222222
339,Virgil,2024-08-18,0.8129,2,0.0
339,Virgil,2024-08-19,0.5812,3,0.0
339,Virgil,2024-08-25,0.10861538461538461,13,0.38461538461538464
339,Virgil,2024-08-26,0.33525,2,0.0
339,Virgil,2024-08-27,0.09663333333333333,3,0.3333333333333333
339,Virgil,2024-09-01,-0.03864999999999999,8,0.5
339,Virgil,2024-09-02,0.62775,2,0.0
339,Virgil,2024-09-03,0.71225,2,0.0
339,Virgil,2024-09-14,0.028908333333333338,12,0.3333333333333333
339,Virgil,2024-09-15,0.21075,2,0.0
339,Virgil,2024-09-16,-0.04300000000000001,4,0.25
339,Virgil,2024-09-21,0.3488428571428571,14,0.07142857142857142
339,Virgil,2024-09-22,0.6942,3,0.0
339,Virgil,2024-09-23,0.14395,6,0.5
339,Virgil,2024-09-28,0.25543333333333335,6,0.3333333333333333
339,Virgil,2024-09-29,0.4588,1,0.0
339,Virgil,2024-09-30,0.36985,2,0.0
339,Virgil,2024-10-05,0.1787,6,0.0
339,Virgil,2024-10-06,0.59128,5,0.0
339,Virgil,2024-10-07,-0.296,1,1.0
339,Virgil,2024-10-20,0.18263333333333331,6,0.16666666666666666
339,Virgil,2024-10-21,0.09449999999999999,6,0.16666666666666666
339,Virgil,2024-10-22,-0.8016,1,1.0
339,Virgil,2024-10-27,0.21803333333333333,9,0.0
339,Virgil,2024-10-28,0.30869,10,0.1
339,Virgil,2024-10-29,0.5378666666666666,3,0.0
339,Virgil,2024-11-02,0.2647,7,0.14285714285714285
339,Virgil,2024-11-03,0.08902499999999999,4,0.25
339,Virgil,2024-11-04,0.6696,1,0.0
339,Virgil,2024-11-09,0.12751428571428572,7,0.5714285714285714
339,Virgil,2024-11-10,0.1774,5,0.4
339,Virgil,2024-11-11,0.14409999999999998,3,0.3333333333333333
339,Virgil,2024-11-24,-0.12231249999999999,8,0.5
339,Virgil,2024-11-25,-0.12276666666666665,3,0.3333333333333333
339,Virgil,2024-12-01,0.25476363636363636,11,0.2727272727272727
339,Virgil,2024-12-02,0.27999999999999997,5,0.4
339,Virgil,2024-12-03,0.33525,2,0.0
339,Virgil,2024-12-04,-0.12894999999999998,6,0.5
339,Virgil,2024-12-05,-0.03423333333333333,3,0.3333333333333333
339,Virgil,2024-12-06,-0.21534999999999999,4,0.75
339,Virgil,2024-12-14,0.07661818181818182,11,0.18181818181818182
339,Virgil,2024-12-15,0.046125,4,0.25
339,Virgil,2024-12-16,-0.6369,1,1.0
339,Virgil,2024-12-22,-0.05591250000000002,8,0.375
339,Virgil,2024-12-23,0.067725,4,0.5
339,Virgil,2024-12-26,-0.2249,8,0.5
339,Virgil,2024-12-27,0.12936666666666666,6,0.16666666666666666
339,Virgil,2024-12-28,0.4745333333333333,3,0.0
339,Virgil,2024-12-29,0.10385,8,0.25
339,Virgil,2024-12-30,0.15293333333333334,3,0.0
339,Virgil,2024-12-31,0.44015,2,0.0
339,Virgil,2025-01-05,0.22552,5,0.4
339,Virgil,2025-01-06,-0.05752499999999999,4,0.25
339,Virgil,2025-01-07,-0.296,1,1.0
339,Virgil,2025-01-14,0.20807499999999998,4,0.25
339,Virgil,2025-01-15,0.20148000000000002,5,0.0
339,Virgil,2025-01-16,0.03610000000000001,4,0.25
339,Virgil,2025-01-18,0.32981875,16,0.3125
339,Virgil,2025-01-19,0.0022166666666666632,6,0.3333333333333333
339,Virgil,2025-01-20,-0.3698,2,1.0
339,Virgil,2025-01-25,-0.19231666666666666,6,0.3333333333333333
339,Virgil,2025-01-26,0.0,2,0.0
339,Virgil,2025-01-27,0.0,1,0.0
339,Virgil,2025-02-01,-0.11142777777777778,18,0.3888888888888889
339,Virgil,2025-02-02,0.04831666666666667,6,0.16666666666666666
339,Virgil,2025-02-16,0.13688695652173913,23,0.2608695652173913
339,Virgil,2025-02-17,0.35315,4,0.25
339,Virgil,2025-02-18,0.325575,4,0.0
339,Virgil,2025-02-23,0.4318642857142857,14,0.07142857142857142
339,Virgil,2025-02-24,0.28956,5,0.0
339,Virgil,2025-02-25,0.00456,5,0.4
339,Virgil,2025-02-26,0.15066666666666667,9,0.3333333333333333
339,Virgil,2025-02-27,0.376,5,0.2
339,Virgil,2025-02-28,0.18286666666666665,3,0.6666666666666666
339,Virgil,2025-03-08,-0.16032,5,0.2
339,Virgil,2025-03-09,0.0615,3,0.3333333333333333
339,Virgil,2025-03-10,-0.040733333333333344,3,0.3333333333333333
339,Virgil,2025-04-02,0.11365454545454545,11,0.45454545454545453
339,Virgil,2025-04-03,0.14532857142857145,7,0.2857142857142857
339,Virgil,2025-04-04,0.11869999999999999,3,0.3333333333333333
339,Virgil,2025-04-06,-0.19792857142857143,7,0.5714285714285714
339,Virgil,2025-04-07,-0.2671142857142857,7,0.5714285714285714
339,Virgil,2025-04-08,0.4215,1,0.0
339,Virgil,2025-04-13,0.35783076923076923,13,0.23076923076923078
339,Virgil,2025-04-14,-0.1981833333333333,6,0.6666666666666666
339,Virgil,2025-04-15,0.41058000000000006,5,0.2
339,Virgil,2025-04-20,0.0869,7,0.2857142857142857
339,Virgil,2025-04-21,0.403725,4,0.25
339,Virgil,2025-04-27,0.12027777777777778,9,0.3333333333333333
339,Virgil,2025-04-28,0.5859,1,0.0
339,Virgil,2025-04-29,0.200875,4,0.25
339,Virgil,2025-05-04,0.5406,5,0.0
339,Virgil,2025-05-05,0.50935,4,0.0
339,Virgil,2025-05-06,0.21075,2,0.0
339,Virgil,2025-05-11,-0.12101428571428573,7,0.42857142857142855
339,Virgil,2025-05-12,-0.05135,2,0.5
339,Virgil,2025-05-13,0.0,1,0.0
339,Virgil,2025-05-25,-0.1857833333333333,6,0.8333333333333334
339,Virgil,2025-05-26,-0.09987499999999999,4,0.25
339,Virgil,2025-05-27,-0.12722499999999998,4,0.25
636,Chiesa,2024-09-01,0.21075,2,0.0
636,Chiesa,2024-09-21,0.2145,8,0.0
636,Chiesa,2024-09-22,-0.0635,4,0.25
636,Chiesa,2024-09-23,0.21075,2,0.0
636,Chiesa,2024-10-28,0.0,1,0.0
636,Chiesa,2024-11-10,0.0,1,0.0
636,Chiesa,2024-12-06,0.0,1,0.0
636,Chiesa,2024-12-23,0.0,1,0.0
636,Chiesa,2025-01-18,-0.10772222222222222,9,0.3333333333333333
636,Chiesa,2025-01-19,0.361175,4,0.0
636,Chiesa,2025-01-20,-0.41995,2,0.5
636,Chiesa,2025-01-25,-0.10068333333333333,6,0.6666666666666666
636,Chiesa,2025-01-26,-0.00662500000000002,4,0.25
636,Chiesa,2025-01-27,0.25899999999999995,3,0.0
636,Chiesa,2025-02-01,0.3182,1,0.0
636,Chiesa,2025-02-26,0.0,1,0.0
636,Chiesa,2025-04-06,-0.024440000000000007,5,0.2
636,Chiesa,2025-04-07,0.18386666666666665,6,0.3333333333333333
636,Chiesa,2025-04-08,0.0,1,0.0
636,Chiesa,2025-04-13,0.0,1,0.0
636,Chiesa,2025-04-14,-0.8016,1,1.0
636,Chiesa,2025-05-04,-0.167625,4,0.25
636,Chiesa,2025-05-05,0.2235,3,0.0
636,Chiesa,2025-05-06,0.5418499999999999,2,0.0
636,Chiesa,2025-05-19,0.27898,10,0.1
636,Chiesa,2025-05-20,0.34190000000000004,3,0.3333333333333333
636,Chiesa,2025-05-21,0.1591,2,0.0
660,Jaros,2024-10-05,-0.07823999999999999,5,0.4
660,Jaros,2024-10-06,0.261175,4,0.0
660,Jaros,2024-10-07,-0.4404,1,1.0
660,Jaros,2024-10-20,0.4588,1,0.0
660,Jaros,2024-10-28,0.3182,1,0.0
660,Jaros,2024-12-14,0.754,1,0.0
660,Jaros,2024-12-27,-0.1027,1,1.0
660,Jaros,2025-01-05,0.0,1,0.0
660,Jaros,2025-01-14,-0.1027,1,1.0
660,Jaros,2025-02-16,0.6249,1,0.0
660,Jaros,2025-02-17,0.4215,1,0.0
660,Jaros,2025-05-21,0.0,1,0.0
669,Davies,2024-11-10,0.0,1,0.0
669,Davies,2025-01-27,0.0,1,0.0
669,Davies,2025-02-16,0.17804999999999999,2,0.5
669,Davies,2025-02-27,0.4588,1,0.0
669,Davies,2025-04-06,0.33525,2,0.0
669,Davies,2025-05-12,-0.8399,1,1.0
688,Nyoni,2024-12-27,0.0,1,0.0
688,Nyoni,2025-01-05,-0.31845,2,0.5
688,Nyoni,2025-01-18,-0.296,1,1.0
688,Nyoni,2025-01-19,0.0,1,0.0
688,Nyoni,2025-01-26,0.0,1,0.0
688,Nyoni,2025-02-01,0.0,1,0.0
688,Nyoni,2025-02-16,0.6249,1,0.0
688,Nyoni,2025-02-17,-0.296,1,1.0
688,Nyoni,2025-04-06,0.3182,1,0.0
688,Nyoni,2025-04-27,-0.1027,1,1.0
688,Nyoni,2025-05-04,0.0,1,0.0
692,Nallo,2024-12-14,0.0,1,0.0
692,Nallo,2024-12-27,0.4404,1,0.0
692,Nallo,2025-01-14,0.5859,1,0.0
692,Nallo,2025-02-01,0.0,1,0.0
692,Nallo,2025-02-03,0.5859,1,0.0
692,Nallo,2025-02-24,0.0,1,0.0
692,Nallo,2025-02-26,0.31245,2,0.0
692,Nallo,2025-05-12,0.4215,1,0.0
709,Danns,2025-01-05,0.0,1,0.0
709,Danns,2025-01-15,0.8718,1,0.0
709,Danns,2025-01-25,-0.11926,5,0.6
709,Danns,2025-01-26,0.27133333333333337,3,0.3333333333333333
709,Danns,2025-01-27,-0.41995,2,0.5
709,Danns,2025-02-01,0.0,1,0.0
709,Danns,2025-02-02,0.0,1,0.0
709,Danns,2025-02-16,0.0,1,0.0
709,Danns,2025-02-18,0.0,1,0.0
709,Danns,2025-02-23,0.0,1,0.0
709,Danns,2025-03-09,0.5859,1,0.0
709,Danns,2025-04-21,-0.4404,1,1.0
709,Danns,2025-04-27,0.1591,2,0.0
709,Danns,2025-05-19,0.4215,1,0.0
744,Slot,2025-02-01,0.2202,2,0.0
744,Slot,2025-02-26,0.44015,2,0.0
744,Slot,2025-04-07,0.0,1,0.0
744,Slot,2025-04-13,0.0,1,0.0
744,Slot,2025-05-04,0.4359,2,0.0
744,Slot,2025-05-19,0.6249,1,0.0
